old path,old name,new name,new path
a7/for Croix/PLC/Essential Benchmark Learning Plan - MA.7.AR.2.2.docx,Essential Benchmark Learning Plan - MA.7.AR.2.2.docx,M7 Essential Benchmark Learning Plan MA.7.AR.2.2.docx,a7/for Croix/PLC/M7 Essential Benchmark Learning Plan MA.7.AR.2.2.docx
a7/for Croix/PLC/Essential Benchmark Learning Plan - MA.7.AR.2.2.pdf,Essential Benchmark Learning Plan - MA.7.AR.2.2.pdf,M7 Essential Benchmark Learning Plan MA.7.AR.2.2.pdf,a7/for Croix/PLC/M7 Essential Benchmark Learning Plan MA.7.AR.2.2.pdf
a7/for Croix/early finishers/Power Up - ANSWER KEY.docx,Power Up - ANSWER KEY.docx,A7 Power Up - Key.docx,a7/for Croix/Early Finishers/A7 Power Up - Key.docx
a7/for Croix/early finishers/Power Up - ANSWER KEY.pdf,Power Up - ANSWER KEY.pdf,A7 Power Up - Key.pdf,a7/for Croix/Early Finishers/A7 Power Up - Key.pdf
a7/for Croix/early finishers/Power Up - early finishers.docx,Power Up - early finishers.docx,A7 Power Up.docx,a7/for Croix/Early Finishers/A7 Power Up.docx
a7/for Croix/early finishers/Power Up - early finishers.pdf,Power Up - early finishers.pdf,A7 Power Up.pdf,a7/for Croix/Early Finishers/A7 Power Up.pdf
a7/for Croix/early finishers/Power Up review - ANSWER KEY.docx,Power Up review - ANSWER KEY.docx,A7 Power Up Review - Key.docx,a7/for Croix/Early Finishers/A7 Power Up Review - Key.docx
a7/for Croix/early finishers/Power Up review - ANSWER KEY.pdf,Power Up review - ANSWER KEY.pdf,A7 Power Up Review - Key.pdf,a7/for Croix/Early Finishers/A7 Power Up Review - Key.pdf
a7/for Croix/early finishers/Power Up review - early finishers.docx,Power Up review - early finishers.docx,A7 Power Up Review.docx,a7/for Croix/Early Finishers/A7 Power Up Review.docx
a7/for Croix/early finishers/Power Up review - early finishers.pdf,Power Up review - early finishers.pdf,A7 Power Up Review.pdf,a7/for Croix/Early Finishers/A7 Power Up Review.pdf
a7/for Croix/early finishers/build_powerup.js,build_powerup.js,build_powerup.js,a7/for Croix/Early Finishers/build_powerup.js
a7/for Croix/early finishers/build_powerup_review.js,build_powerup_review.js,build_powerup_review.js,a7/for Croix/Early Finishers/build_powerup_review.js
a7/for Croix/early finishers/data.json,data.json,data.json,a7/for Croix/Early Finishers/data.json
a7/for Croix/syllabus/A7 Syllabus 2026-27.docx,A7 Syllabus 2026-27.docx,A7 Syllabus 2026-27.docx,a7/for Croix/Syllabus/A7 Syllabus 2026-27.docx
a7/for Croix/syllabus/A7 Syllabus 2026-27.pdf,A7 Syllabus 2026-27.pdf,A7 Syllabus 2026-27.pdf,a7/for Croix/Syllabus/A7 Syllabus 2026-27.pdf
a7/for Croix/syllabus/build_syllabus.js,build_syllabus.js,build_syllabus.js,a7/for Croix/Syllabus/build_syllabus.js
a7/packages/A7 Unit 1 - Equations and Inequalities/Answer Keys/A7 1  Practice Test Key.docx,A7 1  Practice Test Key.docx,A7 Unit 1 Equations and Inequalities - Practice Test - Key.docx,a7/packages/A7 Unit 1 - Equations and Inequalities/Assessment/Practice Test/A7 Unit 1 Equations and Inequalities - Practice Test - Key.docx
a7/packages/A7 Unit 1 - Equations and Inequalities/Answer Keys/A7 1  Quiz 1 Key.docx,A7 1  Quiz 1 Key.docx,A7 Unit 1 Equations and Inequalities - Quiz 1 - Key.docx,a7/packages/A7 Unit 1 - Equations and Inequalities/Assessment/Quiz 1/A7 Unit 1 Equations and Inequalities - Quiz 1 - Key.docx
a7/packages/A7 Unit 1 - Equations and Inequalities/Answer Keys/A7 1  Unit Assessment Key.docx,A7 1  Unit Assessment Key.docx,A7 Unit 1 Equations and Inequalities - Test - Key.docx,a7/packages/A7 Unit 1 - Equations and Inequalities/Assessment/A7 Unit 1 Equations and Inequalities - Test - Key.docx
a7/packages/A7 Unit 1 - Equations and Inequalities/Answer Keys/A7 1  Unit Review Key.docx,A7 1  Unit Review Key.docx,A7 Unit 1 Equations and Inequalities - Review - Key.docx,a7/packages/A7 Unit 1 - Equations and Inequalities/Review/A7 Unit 1 Equations and Inequalities - Review - Key.docx
a7/packages/A7 Unit 1 - Equations and Inequalities/Answer Keys/A7 1.01  Additional Practice Key.docx,A7 1.01  Additional Practice Key.docx,A7 1.01 Rewriting Numbers - Additional Question Bank - Key.docx,a7/packages/A7 Unit 1 - Equations and Inequalities/Lessons/1.01/Keys/A7 1.01 Rewriting Numbers - Additional Question Bank - Key.docx
a7/packages/A7 Unit 1 - Equations and Inequalities/Answer Keys/A7 1.01  Worksheet Key.docx,A7 1.01  Worksheet Key.docx,A7 1.01 Rewriting Numbers - Question Bank - Key.docx,a7/packages/A7 Unit 1 - Equations and Inequalities/Lessons/1.01/Keys/A7 1.01 Rewriting Numbers - Question Bank - Key.docx
a7/packages/A7 Unit 1 - Equations and Inequalities/Answer Keys/A7 1.02  Additional Practice Key.docx,A7 1.02  Additional Practice Key.docx,A7 1.02 Repeating Decimals to Fractions - Additional Question Bank - Key.docx,a7/packages/A7 Unit 1 - Equations and Inequalities/Lessons/1.02/Keys/A7 1.02 Repeating Decimals to Fractions - Additional Question Bank - Key.docx
a7/packages/A7 Unit 1 - Equations and Inequalities/Answer Keys/A7 1.02  Worksheet Key.docx,A7 1.02  Worksheet Key.docx,A7 1.02 Repeating Decimals to Fractions - Question Bank - Key.docx,a7/packages/A7 Unit 1 - Equations and Inequalities/Lessons/1.02/Keys/A7 1.02 Repeating Decimals to Fractions - Question Bank - Key.docx
a7/packages/A7 Unit 1 - Equations and Inequalities/Answer Keys/A7 1.03  Additional Practice Key.docx,A7 1.03  Additional Practice Key.docx,A7 1.03 Two-Step Equations - Additional Question Bank - Key.docx,a7/packages/A7 Unit 1 - Equations and Inequalities/Lessons/1.03/Keys/A7 1.03 Two-Step Equations - Additional Question Bank - Key.docx
a7/packages/A7 Unit 1 - Equations and Inequalities/Answer Keys/A7 1.03  Worksheet Key.docx,A7 1.03  Worksheet Key.docx,A7 1.03 Two-Step Equations - Question Bank - Key.docx,a7/packages/A7 Unit 1 - Equations and Inequalities/Lessons/1.03/Keys/A7 1.03 Two-Step Equations - Question Bank - Key.docx
a7/packages/A7 Unit 1 - Equations and Inequalities/Answer Keys/A7 1.04  Additional Practice Key.docx,A7 1.04  Additional Practice Key.docx,A7 1.04 Two-Step Equations in Context - Additional Question Bank - Key.docx,a7/packages/A7 Unit 1 - Equations and Inequalities/Lessons/1.04/Keys/A7 1.04 Two-Step Equations in Context - Additional Question Bank - Key.docx
a7/packages/A7 Unit 1 - Equations and Inequalities/Answer Keys/A7 1.04  Worksheet Key.docx,A7 1.04  Worksheet Key.docx,A7 1.04 Two-Step Equations in Context - Question Bank - Key.docx,a7/packages/A7 Unit 1 - Equations and Inequalities/Lessons/1.04/Keys/A7 1.04 Two-Step Equations in Context - Question Bank - Key.docx
a7/packages/A7 Unit 1 - Equations and Inequalities/Answer Keys/A7 1.05  Additional Practice Key.docx,A7 1.05  Additional Practice Key.docx,A7 1.05 Solving Problems with Equations - Additional Question Bank - Key.docx,a7/packages/A7 Unit 1 - Equations and Inequalities/Lessons/1.05/Keys/A7 1.05 Solving Problems with Equations - Additional Question Bank - Key.docx
a7/packages/A7 Unit 1 - Equations and Inequalities/Answer Keys/A7 1.05  Worksheet Key.docx,A7 1.05  Worksheet Key.docx,A7 1.05 Solving Problems with Equations - Question Bank - Key.docx,a7/packages/A7 Unit 1 - Equations and Inequalities/Lessons/1.05/Keys/A7 1.05 Solving Problems with Equations - Question Bank - Key.docx
a7/packages/A7 Unit 1 - Equations and Inequalities/Answer Keys/A7 1.06  Additional Practice Key.docx,A7 1.06  Additional Practice Key.docx,A7 1.06 Writing Equations from Contexts - Additional Question Bank - Key.docx,a7/packages/A7 Unit 1 - Equations and Inequalities/Lessons/1.06/Keys/A7 1.06 Writing Equations from Contexts - Additional Question Bank - Key.docx
a7/packages/A7 Unit 1 - Equations and Inequalities/Answer Keys/A7 1.06  Worksheet Key.docx,A7 1.06  Worksheet Key.docx,A7 1.06 Writing Equations from Contexts - Question Bank - Key.docx,a7/packages/A7 Unit 1 - Equations and Inequalities/Lessons/1.06/Keys/A7 1.06 Writing Equations from Contexts - Question Bank - Key.docx
a7/packages/A7 Unit 1 - Equations and Inequalities/Answer Keys/A7 1.07  Additional Practice Key.docx,A7 1.07  Additional Practice Key.docx,A7 1.07 Writing and Solving Equations - Additional Question Bank - Key.docx,a7/packages/A7 Unit 1 - Equations and Inequalities/Lessons/1.07/Keys/A7 1.07 Writing and Solving Equations - Additional Question Bank - Key.docx
a7/packages/A7 Unit 1 - Equations and Inequalities/Answer Keys/A7 1.07  Worksheet Key.docx,A7 1.07  Worksheet Key.docx,A7 1.07 Writing and Solving Equations - Question Bank - Key.docx,a7/packages/A7 Unit 1 - Equations and Inequalities/Lessons/1.07/Keys/A7 1.07 Writing and Solving Equations - Question Bank - Key.docx
a7/packages/A7 Unit 1 - Equations and Inequalities/Answer Keys/A7 1.08  Additional Practice Key.docx,A7 1.08  Additional Practice Key.docx,A7 1.08 Determining Solutions to Inequalities - Additional Question Bank - Key.docx,a7/packages/A7 Unit 1 - Equations and Inequalities/Lessons/1.08/Keys/A7 1.08 Determining Solutions to Inequalities - Additional Question Bank - Key.docx
a7/packages/A7 Unit 1 - Equations and Inequalities/Answer Keys/A7 1.08  Worksheet Key.docx,A7 1.08  Worksheet Key.docx,A7 1.08 Determining Solutions to Inequalities - Question Bank - Key.docx,a7/packages/A7 Unit 1 - Equations and Inequalities/Lessons/1.08/Keys/A7 1.08 Determining Solutions to Inequalities - Question Bank - Key.docx
a7/packages/A7 Unit 1 - Equations and Inequalities/Answer Keys/A7 1.09  Additional Practice Key.docx,A7 1.09  Additional Practice Key.docx,A7 1.09 Inequalities with the Distributive Property - Additional Question Bank - Key.docx,a7/packages/A7 Unit 1 - Equations and Inequalities/Lessons/1.09/Keys/A7 1.09 Inequalities with the Distributive Property - Additional Question Bank - Key.docx
a7/packages/A7 Unit 1 - Equations and Inequalities/Answer Keys/A7 1.09  Worksheet Key.docx,A7 1.09  Worksheet Key.docx,A7 1.09 Inequalities with the Distributive Property - Question Bank - Key.docx,a7/packages/A7 Unit 1 - Equations and Inequalities/Lessons/1.09/Keys/A7 1.09 Inequalities with the Distributive Property - Question Bank - Key.docx
a7/packages/A7 Unit 1 - Equations and Inequalities/Answer Keys/A7 1.10  Additional Practice Key.docx,A7 1.10  Additional Practice Key.docx,A7 1.10 Inequalities in Real-World Contexts - Additional Question Bank - Key.docx,a7/packages/A7 Unit 1 - Equations and Inequalities/Lessons/1.10/Keys/A7 1.10 Inequalities in Real-World Contexts - Additional Question Bank - Key.docx
a7/packages/A7 Unit 1 - Equations and Inequalities/Answer Keys/A7 1.10  Worksheet Key.docx,A7 1.10  Worksheet Key.docx,A7 1.10 Inequalities in Real-World Contexts - Question Bank - Key.docx,a7/packages/A7 Unit 1 - Equations and Inequalities/Lessons/1.10/Keys/A7 1.10 Inequalities in Real-World Contexts - Question Bank - Key.docx
a7/packages/A7 Unit 1 - Equations and Inequalities/Assessments/A7 1  Practice Test.docx,A7 1  Practice Test.docx,A7 Unit 1 Equations and Inequalities - Practice Test.docx,a7/packages/A7 Unit 1 - Equations and Inequalities/Assessment/Practice Test/A7 Unit 1 Equations and Inequalities - Practice Test.docx
a7/packages/A7 Unit 1 - Equations and Inequalities/Assessments/A7 1  Quiz 1.docx,A7 1  Quiz 1.docx,A7 Unit 1 Equations and Inequalities - Quiz 1.docx,a7/packages/A7 Unit 1 - Equations and Inequalities/Assessment/Quiz 1/A7 Unit 1 Equations and Inequalities - Quiz 1.docx
a7/packages/A7 Unit 1 - Equations and Inequalities/Assessments/A7 1  Unit Assessment.docx,A7 1  Unit Assessment.docx,A7 Unit 1 Equations and Inequalities - Test.docx,a7/packages/A7 Unit 1 - Equations and Inequalities/Assessment/A7 Unit 1 Equations and Inequalities - Test.docx
a7/packages/A7 Unit 1 - Equations and Inequalities/Assessments/A7 1  Unit Review.docx,A7 1  Unit Review.docx,A7 Unit 1 Equations and Inequalities - Review.docx,a7/packages/A7 Unit 1 - Equations and Inequalities/Review/A7 Unit 1 Equations and Inequalities - Review.docx
a7/packages/A7 Unit 1 - Equations and Inequalities/Handouts/A7 1  Reference Sheet.docx,A7 1  Reference Sheet.docx,A7 Unit 1 Equations and Inequalities - Reference Sheet.docx,a7/packages/A7 Unit 1 - Equations and Inequalities/Handouts/A7 Unit 1 Equations and Inequalities - Reference Sheet.docx
a7/packages/A7 Unit 1 - Equations and Inequalities/PDFs/Answer Keys/A7 1  Practice Test Key.pdf,A7 1  Practice Test Key.pdf,A7 Unit 1 Equations and Inequalities - Practice Test - Key.pdf,a7/packages/A7 Unit 1 - Equations and Inequalities/Assessment/Practice Test/A7 Unit 1 Equations and Inequalities - Practice Test - Key.pdf
a7/packages/A7 Unit 1 - Equations and Inequalities/PDFs/Answer Keys/A7 1  Quiz 1 Key.pdf,A7 1  Quiz 1 Key.pdf,A7 Unit 1 Equations and Inequalities - Quiz 1 - Key.pdf,a7/packages/A7 Unit 1 - Equations and Inequalities/Assessment/Quiz 1/A7 Unit 1 Equations and Inequalities - Quiz 1 - Key.pdf
a7/packages/A7 Unit 1 - Equations and Inequalities/PDFs/Answer Keys/A7 1  Unit Assessment Key.pdf,A7 1  Unit Assessment Key.pdf,A7 Unit 1 Equations and Inequalities - Test - Key.pdf,a7/packages/A7 Unit 1 - Equations and Inequalities/Assessment/A7 Unit 1 Equations and Inequalities - Test - Key.pdf
a7/packages/A7 Unit 1 - Equations and Inequalities/PDFs/Answer Keys/A7 1  Unit Review Key.pdf,A7 1  Unit Review Key.pdf,A7 Unit 1 Equations and Inequalities - Review - Key.pdf,a7/packages/A7 Unit 1 - Equations and Inequalities/Review/A7 Unit 1 Equations and Inequalities - Review - Key.pdf
a7/packages/A7 Unit 1 - Equations and Inequalities/PDFs/Answer Keys/A7 1.01  Additional Practice Key.pdf,A7 1.01  Additional Practice Key.pdf,A7 1.01 Rewriting Numbers - Additional Question Bank - Key.pdf,a7/packages/A7 Unit 1 - Equations and Inequalities/Lessons/1.01/Keys/A7 1.01 Rewriting Numbers - Additional Question Bank - Key.pdf
a7/packages/A7 Unit 1 - Equations and Inequalities/PDFs/Answer Keys/A7 1.01  Worksheet Key.pdf,A7 1.01  Worksheet Key.pdf,A7 1.01 Rewriting Numbers - Question Bank - Key.pdf,a7/packages/A7 Unit 1 - Equations and Inequalities/Lessons/1.01/Keys/A7 1.01 Rewriting Numbers - Question Bank - Key.pdf
a7/packages/A7 Unit 1 - Equations and Inequalities/PDFs/Answer Keys/A7 1.02  Additional Practice Key.pdf,A7 1.02  Additional Practice Key.pdf,A7 1.02 Repeating Decimals to Fractions - Additional Question Bank - Key.pdf,a7/packages/A7 Unit 1 - Equations and Inequalities/Lessons/1.02/Keys/A7 1.02 Repeating Decimals to Fractions - Additional Question Bank - Key.pdf
a7/packages/A7 Unit 1 - Equations and Inequalities/PDFs/Answer Keys/A7 1.02  Worksheet Key.pdf,A7 1.02  Worksheet Key.pdf,A7 1.02 Repeating Decimals to Fractions - Question Bank - Key.pdf,a7/packages/A7 Unit 1 - Equations and Inequalities/Lessons/1.02/Keys/A7 1.02 Repeating Decimals to Fractions - Question Bank - Key.pdf
a7/packages/A7 Unit 1 - Equations and Inequalities/PDFs/Answer Keys/A7 1.03  Additional Practice Key.pdf,A7 1.03  Additional Practice Key.pdf,A7 1.03 Two-Step Equations - Additional Question Bank - Key.pdf,a7/packages/A7 Unit 1 - Equations and Inequalities/Lessons/1.03/Keys/A7 1.03 Two-Step Equations - Additional Question Bank - Key.pdf
a7/packages/A7 Unit 1 - Equations and Inequalities/PDFs/Answer Keys/A7 1.03  Worksheet Key.pdf,A7 1.03  Worksheet Key.pdf,A7 1.03 Two-Step Equations - Question Bank - Key.pdf,a7/packages/A7 Unit 1 - Equations and Inequalities/Lessons/1.03/Keys/A7 1.03 Two-Step Equations - Question Bank - Key.pdf
a7/packages/A7 Unit 1 - Equations and Inequalities/PDFs/Answer Keys/A7 1.04  Additional Practice Key.pdf,A7 1.04  Additional Practice Key.pdf,A7 1.04 Two-Step Equations in Context - Additional Question Bank - Key.pdf,a7/packages/A7 Unit 1 - Equations and Inequalities/Lessons/1.04/Keys/A7 1.04 Two-Step Equations in Context - Additional Question Bank - Key.pdf
a7/packages/A7 Unit 1 - Equations and Inequalities/PDFs/Answer Keys/A7 1.04  Worksheet Key.pdf,A7 1.04  Worksheet Key.pdf,A7 1.04 Two-Step Equations in Context - Question Bank - Key.pdf,a7/packages/A7 Unit 1 - Equations and Inequalities/Lessons/1.04/Keys/A7 1.04 Two-Step Equations in Context - Question Bank - Key.pdf
a7/packages/A7 Unit 1 - Equations and Inequalities/PDFs/Answer Keys/A7 1.05  Additional Practice Key.pdf,A7 1.05  Additional Practice Key.pdf,A7 1.05 Solving Problems with Equations - Additional Question Bank - Key.pdf,a7/packages/A7 Unit 1 - Equations and Inequalities/Lessons/1.05/Keys/A7 1.05 Solving Problems with Equations - Additional Question Bank - Key.pdf
a7/packages/A7 Unit 1 - Equations and Inequalities/PDFs/Answer Keys/A7 1.05  Worksheet Key.pdf,A7 1.05  Worksheet Key.pdf,A7 1.05 Solving Problems with Equations - Question Bank - Key.pdf,a7/packages/A7 Unit 1 - Equations and Inequalities/Lessons/1.05/Keys/A7 1.05 Solving Problems with Equations - Question Bank - Key.pdf
a7/packages/A7 Unit 1 - Equations and Inequalities/PDFs/Answer Keys/A7 1.06  Additional Practice Key.pdf,A7 1.06  Additional Practice Key.pdf,A7 1.06 Writing Equations from Contexts - Additional Question Bank - Key.pdf,a7/packages/A7 Unit 1 - Equations and Inequalities/Lessons/1.06/Keys/A7 1.06 Writing Equations from Contexts - Additional Question Bank - Key.pdf
a7/packages/A7 Unit 1 - Equations and Inequalities/PDFs/Answer Keys/A7 1.06  Worksheet Key.pdf,A7 1.06  Worksheet Key.pdf,A7 1.06 Writing Equations from Contexts - Question Bank - Key.pdf,a7/packages/A7 Unit 1 - Equations and Inequalities/Lessons/1.06/Keys/A7 1.06 Writing Equations from Contexts - Question Bank - Key.pdf
a7/packages/A7 Unit 1 - Equations and Inequalities/PDFs/Answer Keys/A7 1.07  Additional Practice Key.pdf,A7 1.07  Additional Practice Key.pdf,A7 1.07 Writing and Solving Equations - Additional Question Bank - Key.pdf,a7/packages/A7 Unit 1 - Equations and Inequalities/Lessons/1.07/Keys/A7 1.07 Writing and Solving Equations - Additional Question Bank - Key.pdf
a7/packages/A7 Unit 1 - Equations and Inequalities/PDFs/Answer Keys/A7 1.07  Worksheet Key.pdf,A7 1.07  Worksheet Key.pdf,A7 1.07 Writing and Solving Equations - Question Bank - Key.pdf,a7/packages/A7 Unit 1 - Equations and Inequalities/Lessons/1.07/Keys/A7 1.07 Writing and Solving Equations - Question Bank - Key.pdf
a7/packages/A7 Unit 1 - Equations and Inequalities/PDFs/Answer Keys/A7 1.08  Additional Practice Key.pdf,A7 1.08  Additional Practice Key.pdf,A7 1.08 Determining Solutions to Inequalities - Additional Question Bank - Key.pdf,a7/packages/A7 Unit 1 - Equations and Inequalities/Lessons/1.08/Keys/A7 1.08 Determining Solutions to Inequalities - Additional Question Bank - Key.pdf
a7/packages/A7 Unit 1 - Equations and Inequalities/PDFs/Answer Keys/A7 1.08  Worksheet Key.pdf,A7 1.08  Worksheet Key.pdf,A7 1.08 Determining Solutions to Inequalities - Question Bank - Key.pdf,a7/packages/A7 Unit 1 - Equations and Inequalities/Lessons/1.08/Keys/A7 1.08 Determining Solutions to Inequalities - Question Bank - Key.pdf
a7/packages/A7 Unit 1 - Equations and Inequalities/PDFs/Answer Keys/A7 1.09  Additional Practice Key.pdf,A7 1.09  Additional Practice Key.pdf,A7 1.09 Inequalities with the Distributive Property - Additional Question Bank - Key.pdf,a7/packages/A7 Unit 1 - Equations and Inequalities/Lessons/1.09/Keys/A7 1.09 Inequalities with the Distributive Property - Additional Question Bank - Key.pdf
a7/packages/A7 Unit 1 - Equations and Inequalities/PDFs/Answer Keys/A7 1.09  Worksheet Key.pdf,A7 1.09  Worksheet Key.pdf,A7 1.09 Inequalities with the Distributive Property - Question Bank - Key.pdf,a7/packages/A7 Unit 1 - Equations and Inequalities/Lessons/1.09/Keys/A7 1.09 Inequalities with the Distributive Property - Question Bank - Key.pdf
a7/packages/A7 Unit 1 - Equations and Inequalities/PDFs/Answer Keys/A7 1.10  Additional Practice Key.pdf,A7 1.10  Additional Practice Key.pdf,A7 1.10 Inequalities in Real-World Contexts - Additional Question Bank - Key.pdf,a7/packages/A7 Unit 1 - Equations and Inequalities/Lessons/1.10/Keys/A7 1.10 Inequalities in Real-World Contexts - Additional Question Bank - Key.pdf
a7/packages/A7 Unit 1 - Equations and Inequalities/PDFs/Answer Keys/A7 1.10  Worksheet Key.pdf,A7 1.10  Worksheet Key.pdf,A7 1.10 Inequalities in Real-World Contexts - Question Bank - Key.pdf,a7/packages/A7 Unit 1 - Equations and Inequalities/Lessons/1.10/Keys/A7 1.10 Inequalities in Real-World Contexts - Question Bank - Key.pdf
a7/packages/A7 Unit 1 - Equations and Inequalities/PDFs/Assessments/A7 1  Practice Test.pdf,A7 1  Practice Test.pdf,A7 Unit 1 Equations and Inequalities - Practice Test.pdf,a7/packages/A7 Unit 1 - Equations and Inequalities/Assessment/Practice Test/A7 Unit 1 Equations and Inequalities - Practice Test.pdf
a7/packages/A7 Unit 1 - Equations and Inequalities/PDFs/Assessments/A7 1  Quiz 1.pdf,A7 1  Quiz 1.pdf,A7 Unit 1 Equations and Inequalities - Quiz 1.pdf,a7/packages/A7 Unit 1 - Equations and Inequalities/Assessment/Quiz 1/A7 Unit 1 Equations and Inequalities - Quiz 1.pdf
a7/packages/A7 Unit 1 - Equations and Inequalities/PDFs/Assessments/A7 1  Unit Assessment.pdf,A7 1  Unit Assessment.pdf,A7 Unit 1 Equations and Inequalities - Test.pdf,a7/packages/A7 Unit 1 - Equations and Inequalities/Assessment/A7 Unit 1 Equations and Inequalities - Test.pdf
a7/packages/A7 Unit 1 - Equations and Inequalities/PDFs/Assessments/A7 1  Unit Review.pdf,A7 1  Unit Review.pdf,A7 Unit 1 Equations and Inequalities - Review.pdf,a7/packages/A7 Unit 1 - Equations and Inequalities/Review/A7 Unit 1 Equations and Inequalities - Review.pdf
a7/packages/A7 Unit 1 - Equations and Inequalities/PDFs/Handouts/A7 1  Reference Sheet.pdf,A7 1  Reference Sheet.pdf,A7 Unit 1 Equations and Inequalities - Reference Sheet.pdf,a7/packages/A7 Unit 1 - Equations and Inequalities/Handouts/A7 Unit 1 Equations and Inequalities - Reference Sheet.pdf
a7/packages/A7 Unit 1 - Equations and Inequalities/PDFs/Question Banks/A7 1.01  Question Bank - Additional.pdf,A7 1.01  Question Bank - Additional.pdf,A7 1.01 Rewriting Numbers - Additional Question Bank.pdf,a7/packages/A7 Unit 1 - Equations and Inequalities/Lessons/1.01/A7 1.01 Rewriting Numbers - Additional Question Bank.pdf
a7/packages/A7 Unit 1 - Equations and Inequalities/PDFs/Question Banks/A7 1.01  Question Bank.pdf,A7 1.01  Question Bank.pdf,A7 1.01 Rewriting Numbers - Question Bank.pdf,a7/packages/A7 Unit 1 - Equations and Inequalities/Lessons/1.01/A7 1.01 Rewriting Numbers - Question Bank.pdf
a7/packages/A7 Unit 1 - Equations and Inequalities/PDFs/Question Banks/A7 1.02  Question Bank - Additional.pdf,A7 1.02  Question Bank - Additional.pdf,A7 1.02 Repeating Decimals to Fractions - Additional Question Bank.pdf,a7/packages/A7 Unit 1 - Equations and Inequalities/Lessons/1.02/A7 1.02 Repeating Decimals to Fractions - Additional Question Bank.pdf
a7/packages/A7 Unit 1 - Equations and Inequalities/PDFs/Question Banks/A7 1.02  Question Bank.pdf,A7 1.02  Question Bank.pdf,A7 1.02 Repeating Decimals to Fractions - Question Bank.pdf,a7/packages/A7 Unit 1 - Equations and Inequalities/Lessons/1.02/A7 1.02 Repeating Decimals to Fractions - Question Bank.pdf
a7/packages/A7 Unit 1 - Equations and Inequalities/PDFs/Question Banks/A7 1.03  Question Bank - Additional.pdf,A7 1.03  Question Bank - Additional.pdf,A7 1.03 Two-Step Equations - Additional Question Bank.pdf,a7/packages/A7 Unit 1 - Equations and Inequalities/Lessons/1.03/A7 1.03 Two-Step Equations - Additional Question Bank.pdf
a7/packages/A7 Unit 1 - Equations and Inequalities/PDFs/Question Banks/A7 1.03  Question Bank.pdf,A7 1.03  Question Bank.pdf,A7 1.03 Two-Step Equations - Question Bank.pdf,a7/packages/A7 Unit 1 - Equations and Inequalities/Lessons/1.03/A7 1.03 Two-Step Equations - Question Bank.pdf
a7/packages/A7 Unit 1 - Equations and Inequalities/PDFs/Question Banks/A7 1.04  Question Bank - Additional.pdf,A7 1.04  Question Bank - Additional.pdf,A7 1.04 Two-Step Equations in Context - Additional Question Bank.pdf,a7/packages/A7 Unit 1 - Equations and Inequalities/Lessons/1.04/A7 1.04 Two-Step Equations in Context - Additional Question Bank.pdf
a7/packages/A7 Unit 1 - Equations and Inequalities/PDFs/Question Banks/A7 1.04  Question Bank.pdf,A7 1.04  Question Bank.pdf,A7 1.04 Two-Step Equations in Context - Question Bank.pdf,a7/packages/A7 Unit 1 - Equations and Inequalities/Lessons/1.04/A7 1.04 Two-Step Equations in Context - Question Bank.pdf
a7/packages/A7 Unit 1 - Equations and Inequalities/PDFs/Question Banks/A7 1.05  Question Bank - Additional.pdf,A7 1.05  Question Bank - Additional.pdf,A7 1.05 Solving Problems with Equations - Additional Question Bank.pdf,a7/packages/A7 Unit 1 - Equations and Inequalities/Lessons/1.05/A7 1.05 Solving Problems with Equations - Additional Question Bank.pdf
a7/packages/A7 Unit 1 - Equations and Inequalities/PDFs/Question Banks/A7 1.05  Question Bank.pdf,A7 1.05  Question Bank.pdf,A7 1.05 Solving Problems with Equations - Question Bank.pdf,a7/packages/A7 Unit 1 - Equations and Inequalities/Lessons/1.05/A7 1.05 Solving Problems with Equations - Question Bank.pdf
a7/packages/A7 Unit 1 - Equations and Inequalities/PDFs/Question Banks/A7 1.06  Question Bank - Additional.pdf,A7 1.06  Question Bank - Additional.pdf,A7 1.06 Writing Equations from Contexts - Additional Question Bank.pdf,a7/packages/A7 Unit 1 - Equations and Inequalities/Lessons/1.06/A7 1.06 Writing Equations from Contexts - Additional Question Bank.pdf
a7/packages/A7 Unit 1 - Equations and Inequalities/PDFs/Question Banks/A7 1.06  Question Bank.pdf,A7 1.06  Question Bank.pdf,A7 1.06 Writing Equations from Contexts - Question Bank.pdf,a7/packages/A7 Unit 1 - Equations and Inequalities/Lessons/1.06/A7 1.06 Writing Equations from Contexts - Question Bank.pdf
a7/packages/A7 Unit 1 - Equations and Inequalities/PDFs/Question Banks/A7 1.07  Question Bank - Additional.pdf,A7 1.07  Question Bank - Additional.pdf,A7 1.07 Writing and Solving Equations - Additional Question Bank.pdf,a7/packages/A7 Unit 1 - Equations and Inequalities/Lessons/1.07/A7 1.07 Writing and Solving Equations - Additional Question Bank.pdf
a7/packages/A7 Unit 1 - Equations and Inequalities/PDFs/Question Banks/A7 1.07  Question Bank.pdf,A7 1.07  Question Bank.pdf,A7 1.07 Writing and Solving Equations - Question Bank.pdf,a7/packages/A7 Unit 1 - Equations and Inequalities/Lessons/1.07/A7 1.07 Writing and Solving Equations - Question Bank.pdf
a7/packages/A7 Unit 1 - Equations and Inequalities/PDFs/Question Banks/A7 1.08  Question Bank - Additional.pdf,A7 1.08  Question Bank - Additional.pdf,A7 1.08 Determining Solutions to Inequalities - Additional Question Bank.pdf,a7/packages/A7 Unit 1 - Equations and Inequalities/Lessons/1.08/A7 1.08 Determining Solutions to Inequalities - Additional Question Bank.pdf
a7/packages/A7 Unit 1 - Equations and Inequalities/PDFs/Question Banks/A7 1.08  Question Bank.pdf,A7 1.08  Question Bank.pdf,A7 1.08 Determining Solutions to Inequalities - Question Bank.pdf,a7/packages/A7 Unit 1 - Equations and Inequalities/Lessons/1.08/A7 1.08 Determining Solutions to Inequalities - Question Bank.pdf
a7/packages/A7 Unit 1 - Equations and Inequalities/PDFs/Question Banks/A7 1.09  Question Bank - Additional.pdf,A7 1.09  Question Bank - Additional.pdf,A7 1.09 Inequalities with the Distributive Property - Additional Question Bank.pdf,a7/packages/A7 Unit 1 - Equations and Inequalities/Lessons/1.09/A7 1.09 Inequalities with the Distributive Property - Additional Question Bank.pdf
a7/packages/A7 Unit 1 - Equations and Inequalities/PDFs/Question Banks/A7 1.09  Question Bank.pdf,A7 1.09  Question Bank.pdf,A7 1.09 Inequalities with the Distributive Property - Question Bank.pdf,a7/packages/A7 Unit 1 - Equations and Inequalities/Lessons/1.09/A7 1.09 Inequalities with the Distributive Property - Question Bank.pdf
a7/packages/A7 Unit 1 - Equations and Inequalities/PDFs/Question Banks/A7 1.10  Question Bank - Additional.pdf,A7 1.10  Question Bank - Additional.pdf,A7 1.10 Inequalities in Real-World Contexts - Additional Question Bank.pdf,a7/packages/A7 Unit 1 - Equations and Inequalities/Lessons/1.10/A7 1.10 Inequalities in Real-World Contexts - Additional Question Bank.pdf
a7/packages/A7 Unit 1 - Equations and Inequalities/PDFs/Question Banks/A7 1.10  Question Bank.pdf,A7 1.10  Question Bank.pdf,A7 1.10 Inequalities in Real-World Contexts - Question Bank.pdf,a7/packages/A7 Unit 1 - Equations and Inequalities/Lessons/1.10/A7 1.10 Inequalities in Real-World Contexts - Question Bank.pdf
a7/packages/A7 Unit 1 - Equations and Inequalities/PDFs/Slides/A7 1.01  Slides.pdf,A7 1.01  Slides.pdf,A7 1.01 Rewriting Numbers - Slides.pdf,a7/packages/A7 Unit 1 - Equations and Inequalities/Lessons/1.01/A7 1.01 Rewriting Numbers - Slides.pdf
a7/packages/A7 Unit 1 - Equations and Inequalities/PDFs/Slides/A7 1.02  Slides.pdf,A7 1.02  Slides.pdf,A7 1.02 Repeating Decimals to Fractions - Slides.pdf,a7/packages/A7 Unit 1 - Equations and Inequalities/Lessons/1.02/A7 1.02 Repeating Decimals to Fractions - Slides.pdf
a7/packages/A7 Unit 1 - Equations and Inequalities/PDFs/Slides/A7 1.03  Slides.pdf,A7 1.03  Slides.pdf,A7 1.03 Two-Step Equations - Slides.pdf,a7/packages/A7 Unit 1 - Equations and Inequalities/Lessons/1.03/A7 1.03 Two-Step Equations - Slides.pdf
a7/packages/A7 Unit 1 - Equations and Inequalities/PDFs/Slides/A7 1.04  Slides.pdf,A7 1.04  Slides.pdf,A7 1.04 Two-Step Equations in Context - Slides.pdf,a7/packages/A7 Unit 1 - Equations and Inequalities/Lessons/1.04/A7 1.04 Two-Step Equations in Context - Slides.pdf
a7/packages/A7 Unit 1 - Equations and Inequalities/PDFs/Slides/A7 1.05  Slides.pdf,A7 1.05  Slides.pdf,A7 1.05 Solving Problems with Equations - Slides.pdf,a7/packages/A7 Unit 1 - Equations and Inequalities/Lessons/1.05/A7 1.05 Solving Problems with Equations - Slides.pdf
a7/packages/A7 Unit 1 - Equations and Inequalities/PDFs/Slides/A7 1.06  Slides.pdf,A7 1.06  Slides.pdf,A7 1.06 Writing Equations from Contexts - Slides.pdf,a7/packages/A7 Unit 1 - Equations and Inequalities/Lessons/1.06/A7 1.06 Writing Equations from Contexts - Slides.pdf
a7/packages/A7 Unit 1 - Equations and Inequalities/PDFs/Slides/A7 1.07  Slides.pdf,A7 1.07  Slides.pdf,A7 1.07 Writing and Solving Equations - Slides.pdf,a7/packages/A7 Unit 1 - Equations and Inequalities/Lessons/1.07/A7 1.07 Writing and Solving Equations - Slides.pdf
a7/packages/A7 Unit 1 - Equations and Inequalities/PDFs/Slides/A7 1.08  Slides.pdf,A7 1.08  Slides.pdf,A7 1.08 Determining Solutions to Inequalities - Slides.pdf,a7/packages/A7 Unit 1 - Equations and Inequalities/Lessons/1.08/A7 1.08 Determining Solutions to Inequalities - Slides.pdf
a7/packages/A7 Unit 1 - Equations and Inequalities/PDFs/Slides/A7 1.09  Slides.pdf,A7 1.09  Slides.pdf,A7 1.09 Inequalities with the Distributive Property - Slides.pdf,a7/packages/A7 Unit 1 - Equations and Inequalities/Lessons/1.09/A7 1.09 Inequalities with the Distributive Property - Slides.pdf
a7/packages/A7 Unit 1 - Equations and Inequalities/PDFs/Slides/A7 1.10  Slides.pdf,A7 1.10  Slides.pdf,A7 1.10 Inequalities in Real-World Contexts - Slides.pdf,a7/packages/A7 Unit 1 - Equations and Inequalities/Lessons/1.10/A7 1.10 Inequalities in Real-World Contexts - Slides.pdf
a7/packages/A7 Unit 1 - Equations and Inequalities/PDFs/Teacher Editions/A7 1.01  Teacher Edition.pdf,A7 1.01  Teacher Edition.pdf,A7 1.01 Rewriting Numbers - Teacher Edition.pdf,a7/packages/A7 Unit 1 - Equations and Inequalities/Lessons/1.01/A7 1.01 Rewriting Numbers - Teacher Edition.pdf
a7/packages/A7 Unit 1 - Equations and Inequalities/PDFs/Teacher Editions/A7 1.02  Teacher Edition.pdf,A7 1.02  Teacher Edition.pdf,A7 1.02 Repeating Decimals to Fractions - Teacher Edition.pdf,a7/packages/A7 Unit 1 - Equations and Inequalities/Lessons/1.02/A7 1.02 Repeating Decimals to Fractions - Teacher Edition.pdf
a7/packages/A7 Unit 1 - Equations and Inequalities/PDFs/Teacher Editions/A7 1.03  Teacher Edition.pdf,A7 1.03  Teacher Edition.pdf,A7 1.03 Two-Step Equations - Teacher Edition.pdf,a7/packages/A7 Unit 1 - Equations and Inequalities/Lessons/1.03/A7 1.03 Two-Step Equations - Teacher Edition.pdf
a7/packages/A7 Unit 1 - Equations and Inequalities/PDFs/Teacher Editions/A7 1.04  Teacher Edition.pdf,A7 1.04  Teacher Edition.pdf,A7 1.04 Two-Step Equations in Context - Teacher Edition.pdf,a7/packages/A7 Unit 1 - Equations and Inequalities/Lessons/1.04/A7 1.04 Two-Step Equations in Context - Teacher Edition.pdf
a7/packages/A7 Unit 1 - Equations and Inequalities/PDFs/Teacher Editions/A7 1.05  Teacher Edition.pdf,A7 1.05  Teacher Edition.pdf,A7 1.05 Solving Problems with Equations - Teacher Edition.pdf,a7/packages/A7 Unit 1 - Equations and Inequalities/Lessons/1.05/A7 1.05 Solving Problems with Equations - Teacher Edition.pdf
a7/packages/A7 Unit 1 - Equations and Inequalities/PDFs/Teacher Editions/A7 1.06  Teacher Edition.pdf,A7 1.06  Teacher Edition.pdf,A7 1.06 Writing Equations from Contexts - Teacher Edition.pdf,a7/packages/A7 Unit 1 - Equations and Inequalities/Lessons/1.06/A7 1.06 Writing Equations from Contexts - Teacher Edition.pdf
a7/packages/A7 Unit 1 - Equations and Inequalities/PDFs/Teacher Editions/A7 1.07  Teacher Edition.pdf,A7 1.07  Teacher Edition.pdf,A7 1.07 Writing and Solving Equations - Teacher Edition.pdf,a7/packages/A7 Unit 1 - Equations and Inequalities/Lessons/1.07/A7 1.07 Writing and Solving Equations - Teacher Edition.pdf
a7/packages/A7 Unit 1 - Equations and Inequalities/PDFs/Teacher Editions/A7 1.08  Teacher Edition.pdf,A7 1.08  Teacher Edition.pdf,A7 1.08 Determining Solutions to Inequalities - Teacher Edition.pdf,a7/packages/A7 Unit 1 - Equations and Inequalities/Lessons/1.08/A7 1.08 Determining Solutions to Inequalities - Teacher Edition.pdf
a7/packages/A7 Unit 1 - Equations and Inequalities/PDFs/Teacher Editions/A7 1.09  Teacher Edition.pdf,A7 1.09  Teacher Edition.pdf,A7 1.09 Inequalities with the Distributive Property - Teacher Edition.pdf,a7/packages/A7 Unit 1 - Equations and Inequalities/Lessons/1.09/A7 1.09 Inequalities with the Distributive Property - Teacher Edition.pdf
a7/packages/A7 Unit 1 - Equations and Inequalities/PDFs/Teacher Editions/A7 1.10  Teacher Edition.pdf,A7 1.10  Teacher Edition.pdf,A7 1.10 Inequalities in Real-World Contexts - Teacher Edition.pdf,a7/packages/A7 Unit 1 - Equations and Inequalities/Lessons/1.10/A7 1.10 Inequalities in Real-World Contexts - Teacher Edition.pdf
a7/packages/A7 Unit 1 - Equations and Inequalities/Question Banks/A7 1.01  Question Bank - Additional.docx,A7 1.01  Question Bank - Additional.docx,A7 1.01 Rewriting Numbers - Additional Question Bank.docx,a7/packages/A7 Unit 1 - Equations and Inequalities/Lessons/1.01/A7 1.01 Rewriting Numbers - Additional Question Bank.docx
a7/packages/A7 Unit 1 - Equations and Inequalities/Question Banks/A7 1.01  Question Bank.docx,A7 1.01  Question Bank.docx,A7 1.01 Rewriting Numbers - Question Bank.docx,a7/packages/A7 Unit 1 - Equations and Inequalities/Lessons/1.01/A7 1.01 Rewriting Numbers - Question Bank.docx
a7/packages/A7 Unit 1 - Equations and Inequalities/Question Banks/A7 1.02  Question Bank - Additional.docx,A7 1.02  Question Bank - Additional.docx,A7 1.02 Repeating Decimals to Fractions - Additional Question Bank.docx,a7/packages/A7 Unit 1 - Equations and Inequalities/Lessons/1.02/A7 1.02 Repeating Decimals to Fractions - Additional Question Bank.docx
a7/packages/A7 Unit 1 - Equations and Inequalities/Question Banks/A7 1.02  Question Bank.docx,A7 1.02  Question Bank.docx,A7 1.02 Repeating Decimals to Fractions - Question Bank.docx,a7/packages/A7 Unit 1 - Equations and Inequalities/Lessons/1.02/A7 1.02 Repeating Decimals to Fractions - Question Bank.docx
a7/packages/A7 Unit 1 - Equations and Inequalities/Question Banks/A7 1.03  Question Bank - Additional.docx,A7 1.03  Question Bank - Additional.docx,A7 1.03 Two-Step Equations - Additional Question Bank.docx,a7/packages/A7 Unit 1 - Equations and Inequalities/Lessons/1.03/A7 1.03 Two-Step Equations - Additional Question Bank.docx
a7/packages/A7 Unit 1 - Equations and Inequalities/Question Banks/A7 1.03  Question Bank.docx,A7 1.03  Question Bank.docx,A7 1.03 Two-Step Equations - Question Bank.docx,a7/packages/A7 Unit 1 - Equations and Inequalities/Lessons/1.03/A7 1.03 Two-Step Equations - Question Bank.docx
a7/packages/A7 Unit 1 - Equations and Inequalities/Question Banks/A7 1.04  Question Bank - Additional.docx,A7 1.04  Question Bank - Additional.docx,A7 1.04 Two-Step Equations in Context - Additional Question Bank.docx,a7/packages/A7 Unit 1 - Equations and Inequalities/Lessons/1.04/A7 1.04 Two-Step Equations in Context - Additional Question Bank.docx
a7/packages/A7 Unit 1 - Equations and Inequalities/Question Banks/A7 1.04  Question Bank.docx,A7 1.04  Question Bank.docx,A7 1.04 Two-Step Equations in Context - Question Bank.docx,a7/packages/A7 Unit 1 - Equations and Inequalities/Lessons/1.04/A7 1.04 Two-Step Equations in Context - Question Bank.docx
a7/packages/A7 Unit 1 - Equations and Inequalities/Question Banks/A7 1.05  Question Bank - Additional.docx,A7 1.05  Question Bank - Additional.docx,A7 1.05 Solving Problems with Equations - Additional Question Bank.docx,a7/packages/A7 Unit 1 - Equations and Inequalities/Lessons/1.05/A7 1.05 Solving Problems with Equations - Additional Question Bank.docx
a7/packages/A7 Unit 1 - Equations and Inequalities/Question Banks/A7 1.05  Question Bank.docx,A7 1.05  Question Bank.docx,A7 1.05 Solving Problems with Equations - Question Bank.docx,a7/packages/A7 Unit 1 - Equations and Inequalities/Lessons/1.05/A7 1.05 Solving Problems with Equations - Question Bank.docx
a7/packages/A7 Unit 1 - Equations and Inequalities/Question Banks/A7 1.06  Question Bank - Additional.docx,A7 1.06  Question Bank - Additional.docx,A7 1.06 Writing Equations from Contexts - Additional Question Bank.docx,a7/packages/A7 Unit 1 - Equations and Inequalities/Lessons/1.06/A7 1.06 Writing Equations from Contexts - Additional Question Bank.docx
a7/packages/A7 Unit 1 - Equations and Inequalities/Question Banks/A7 1.06  Question Bank.docx,A7 1.06  Question Bank.docx,A7 1.06 Writing Equations from Contexts - Question Bank.docx,a7/packages/A7 Unit 1 - Equations and Inequalities/Lessons/1.06/A7 1.06 Writing Equations from Contexts - Question Bank.docx
a7/packages/A7 Unit 1 - Equations and Inequalities/Question Banks/A7 1.07  Question Bank - Additional.docx,A7 1.07  Question Bank - Additional.docx,A7 1.07 Writing and Solving Equations - Additional Question Bank.docx,a7/packages/A7 Unit 1 - Equations and Inequalities/Lessons/1.07/A7 1.07 Writing and Solving Equations - Additional Question Bank.docx
a7/packages/A7 Unit 1 - Equations and Inequalities/Question Banks/A7 1.07  Question Bank.docx,A7 1.07  Question Bank.docx,A7 1.07 Writing and Solving Equations - Question Bank.docx,a7/packages/A7 Unit 1 - Equations and Inequalities/Lessons/1.07/A7 1.07 Writing and Solving Equations - Question Bank.docx
a7/packages/A7 Unit 1 - Equations and Inequalities/Question Banks/A7 1.08  Question Bank - Additional.docx,A7 1.08  Question Bank - Additional.docx,A7 1.08 Determining Solutions to Inequalities - Additional Question Bank.docx,a7/packages/A7 Unit 1 - Equations and Inequalities/Lessons/1.08/A7 1.08 Determining Solutions to Inequalities - Additional Question Bank.docx
a7/packages/A7 Unit 1 - Equations and Inequalities/Question Banks/A7 1.08  Question Bank.docx,A7 1.08  Question Bank.docx,A7 1.08 Determining Solutions to Inequalities - Question Bank.docx,a7/packages/A7 Unit 1 - Equations and Inequalities/Lessons/1.08/A7 1.08 Determining Solutions to Inequalities - Question Bank.docx
a7/packages/A7 Unit 1 - Equations and Inequalities/Question Banks/A7 1.09  Question Bank - Additional.docx,A7 1.09  Question Bank - Additional.docx,A7 1.09 Inequalities with the Distributive Property - Additional Question Bank.docx,a7/packages/A7 Unit 1 - Equations and Inequalities/Lessons/1.09/A7 1.09 Inequalities with the Distributive Property - Additional Question Bank.docx
a7/packages/A7 Unit 1 - Equations and Inequalities/Question Banks/A7 1.09  Question Bank.docx,A7 1.09  Question Bank.docx,A7 1.09 Inequalities with the Distributive Property - Question Bank.docx,a7/packages/A7 Unit 1 - Equations and Inequalities/Lessons/1.09/A7 1.09 Inequalities with the Distributive Property - Question Bank.docx
a7/packages/A7 Unit 1 - Equations and Inequalities/Question Banks/A7 1.10  Question Bank - Additional.docx,A7 1.10  Question Bank - Additional.docx,A7 1.10 Inequalities in Real-World Contexts - Additional Question Bank.docx,a7/packages/A7 Unit 1 - Equations and Inequalities/Lessons/1.10/A7 1.10 Inequalities in Real-World Contexts - Additional Question Bank.docx
a7/packages/A7 Unit 1 - Equations and Inequalities/Question Banks/A7 1.10  Question Bank.docx,A7 1.10  Question Bank.docx,A7 1.10 Inequalities in Real-World Contexts - Question Bank.docx,a7/packages/A7 Unit 1 - Equations and Inequalities/Lessons/1.10/A7 1.10 Inequalities in Real-World Contexts - Question Bank.docx
a7/packages/A7 Unit 1 - Equations and Inequalities/Reference/PAGE BREAKS - for Croix.md,PAGE BREAKS - for Croix.md,A7 Page Breaks.md,a7/packages/A7 Unit 1 - Equations and Inequalities/Reference/A7 Page Breaks.md
a7/packages/A7 Unit 1 - Equations and Inequalities/Reference/SCOPE AND SEQUENCE 2026-2027.md,SCOPE AND SEQUENCE 2026-2027.md,County Scope and Sequence 2026-27.md,a7/packages/A7 Unit 1 - Equations and Inequalities/Reference/County Scope and Sequence 2026-27.md
a7/packages/A7 Unit 1 - Equations and Inequalities/Reference/UNIT AUDIT.md,UNIT AUDIT.md,M7 Unit Audit.md,a7/packages/A7 Unit 1 - Equations and Inequalities/Reference/M7 Unit Audit.md
a7/packages/A7 Unit 1 - Equations and Inequalities/Slides/A7 1.01  Slides.pptx,A7 1.01  Slides.pptx,A7 1.01 Rewriting Numbers - Slides.pptx,a7/packages/A7 Unit 1 - Equations and Inequalities/Lessons/1.01/A7 1.01 Rewriting Numbers - Slides.pptx
a7/packages/A7 Unit 1 - Equations and Inequalities/Slides/A7 1.02  Slides.pptx,A7 1.02  Slides.pptx,A7 1.02 Repeating Decimals to Fractions - Slides.pptx,a7/packages/A7 Unit 1 - Equations and Inequalities/Lessons/1.02/A7 1.02 Repeating Decimals to Fractions - Slides.pptx
a7/packages/A7 Unit 1 - Equations and Inequalities/Slides/A7 1.03  Slides.pptx,A7 1.03  Slides.pptx,A7 1.03 Two-Step Equations - Slides.pptx,a7/packages/A7 Unit 1 - Equations and Inequalities/Lessons/1.03/A7 1.03 Two-Step Equations - Slides.pptx
a7/packages/A7 Unit 1 - Equations and Inequalities/Slides/A7 1.04  Slides.pptx,A7 1.04  Slides.pptx,A7 1.04 Two-Step Equations in Context - Slides.pptx,a7/packages/A7 Unit 1 - Equations and Inequalities/Lessons/1.04/A7 1.04 Two-Step Equations in Context - Slides.pptx
a7/packages/A7 Unit 1 - Equations and Inequalities/Slides/A7 1.05  Slides.pptx,A7 1.05  Slides.pptx,A7 1.05 Solving Problems with Equations - Slides.pptx,a7/packages/A7 Unit 1 - Equations and Inequalities/Lessons/1.05/A7 1.05 Solving Problems with Equations - Slides.pptx
a7/packages/A7 Unit 1 - Equations and Inequalities/Slides/A7 1.06  Slides.pptx,A7 1.06  Slides.pptx,A7 1.06 Writing Equations from Contexts - Slides.pptx,a7/packages/A7 Unit 1 - Equations and Inequalities/Lessons/1.06/A7 1.06 Writing Equations from Contexts - Slides.pptx
a7/packages/A7 Unit 1 - Equations and Inequalities/Slides/A7 1.07  Slides.pptx,A7 1.07  Slides.pptx,A7 1.07 Writing and Solving Equations - Slides.pptx,a7/packages/A7 Unit 1 - Equations and Inequalities/Lessons/1.07/A7 1.07 Writing and Solving Equations - Slides.pptx
a7/packages/A7 Unit 1 - Equations and Inequalities/Slides/A7 1.08  Slides.pptx,A7 1.08  Slides.pptx,A7 1.08 Determining Solutions to Inequalities - Slides.pptx,a7/packages/A7 Unit 1 - Equations and Inequalities/Lessons/1.08/A7 1.08 Determining Solutions to Inequalities - Slides.pptx
a7/packages/A7 Unit 1 - Equations and Inequalities/Slides/A7 1.09  Slides.pptx,A7 1.09  Slides.pptx,A7 1.09 Inequalities with the Distributive Property - Slides.pptx,a7/packages/A7 Unit 1 - Equations and Inequalities/Lessons/1.09/A7 1.09 Inequalities with the Distributive Property - Slides.pptx
a7/packages/A7 Unit 1 - Equations and Inequalities/Slides/A7 1.10  Slides.pptx,A7 1.10  Slides.pptx,A7 1.10 Inequalities in Real-World Contexts - Slides.pptx,a7/packages/A7 Unit 1 - Equations and Inequalities/Lessons/1.10/A7 1.10 Inequalities in Real-World Contexts - Slides.pptx
a7/packages/A7 Unit 1 - Equations and Inequalities/Teacher Editions/A7 1.01  Teacher Edition.docx,A7 1.01  Teacher Edition.docx,A7 1.01 Rewriting Numbers - Teacher Edition.docx,a7/packages/A7 Unit 1 - Equations and Inequalities/Lessons/1.01/A7 1.01 Rewriting Numbers - Teacher Edition.docx
a7/packages/A7 Unit 1 - Equations and Inequalities/Teacher Editions/A7 1.02  Teacher Edition.docx,A7 1.02  Teacher Edition.docx,A7 1.02 Repeating Decimals to Fractions - Teacher Edition.docx,a7/packages/A7 Unit 1 - Equations and Inequalities/Lessons/1.02/A7 1.02 Repeating Decimals to Fractions - Teacher Edition.docx
a7/packages/A7 Unit 1 - Equations and Inequalities/Teacher Editions/A7 1.03  Teacher Edition.docx,A7 1.03  Teacher Edition.docx,A7 1.03 Two-Step Equations - Teacher Edition.docx,a7/packages/A7 Unit 1 - Equations and Inequalities/Lessons/1.03/A7 1.03 Two-Step Equations - Teacher Edition.docx
a7/packages/A7 Unit 1 - Equations and Inequalities/Teacher Editions/A7 1.04  Teacher Edition.docx,A7 1.04  Teacher Edition.docx,A7 1.04 Two-Step Equations in Context - Teacher Edition.docx,a7/packages/A7 Unit 1 - Equations and Inequalities/Lessons/1.04/A7 1.04 Two-Step Equations in Context - Teacher Edition.docx
a7/packages/A7 Unit 1 - Equations and Inequalities/Teacher Editions/A7 1.05  Teacher Edition.docx,A7 1.05  Teacher Edition.docx,A7 1.05 Solving Problems with Equations - Teacher Edition.docx,a7/packages/A7 Unit 1 - Equations and Inequalities/Lessons/1.05/A7 1.05 Solving Problems with Equations - Teacher Edition.docx
a7/packages/A7 Unit 1 - Equations and Inequalities/Teacher Editions/A7 1.06  Teacher Edition.docx,A7 1.06  Teacher Edition.docx,A7 1.06 Writing Equations from Contexts - Teacher Edition.docx,a7/packages/A7 Unit 1 - Equations and Inequalities/Lessons/1.06/A7 1.06 Writing Equations from Contexts - Teacher Edition.docx
a7/packages/A7 Unit 1 - Equations and Inequalities/Teacher Editions/A7 1.07  Teacher Edition.docx,A7 1.07  Teacher Edition.docx,A7 1.07 Writing and Solving Equations - Teacher Edition.docx,a7/packages/A7 Unit 1 - Equations and Inequalities/Lessons/1.07/A7 1.07 Writing and Solving Equations - Teacher Edition.docx
a7/packages/A7 Unit 1 - Equations and Inequalities/Teacher Editions/A7 1.08  Teacher Edition.docx,A7 1.08  Teacher Edition.docx,A7 1.08 Determining Solutions to Inequalities - Teacher Edition.docx,a7/packages/A7 Unit 1 - Equations and Inequalities/Lessons/1.08/A7 1.08 Determining Solutions to Inequalities - Teacher Edition.docx
a7/packages/A7 Unit 1 - Equations and Inequalities/Teacher Editions/A7 1.09  Teacher Edition.docx,A7 1.09  Teacher Edition.docx,A7 1.09 Inequalities with the Distributive Property - Teacher Edition.docx,a7/packages/A7 Unit 1 - Equations and Inequalities/Lessons/1.09/A7 1.09 Inequalities with the Distributive Property - Teacher Edition.docx
a7/packages/A7 Unit 1 - Equations and Inequalities/Teacher Editions/A7 1.10  Teacher Edition.docx,A7 1.10  Teacher Edition.docx,A7 1.10 Inequalities in Real-World Contexts - Teacher Edition.docx,a7/packages/A7 Unit 1 - Equations and Inequalities/Lessons/1.10/A7 1.10 Inequalities in Real-World Contexts - Teacher Edition.docx
"a7/packages/A7 Unit 2 - Real Numbers, Square Roots and Cube Roots/Answer Keys/A7 2  Unit Assessment Key.docx",A7 2  Unit Assessment Key.docx,"A7 Unit 2 Real Numbers, Square Roots and Cube Roots - Test - Key.docx","a7/packages/A7 Unit 2 - Real Numbers, Square Roots and Cube Roots/Assessment/A7 Unit 2 Real Numbers, Square Roots and Cube Roots - Test - Key.docx"
"a7/packages/A7 Unit 2 - Real Numbers, Square Roots and Cube Roots/Answer Keys/A7 2  Unit Review Key.docx",A7 2  Unit Review Key.docx,"A7 Unit 2 Real Numbers, Square Roots and Cube Roots - Review - Key.docx","a7/packages/A7 Unit 2 - Real Numbers, Square Roots and Cube Roots/Review/A7 Unit 2 Real Numbers, Square Roots and Cube Roots - Review - Key.docx"
"a7/packages/A7 Unit 2 - Real Numbers, Square Roots and Cube Roots/Answer Keys/A7 2.01  Additional Practice Key.docx",A7 2.01  Additional Practice Key.docx,A7 2.01 Square Values - Additional Question Bank - Key.docx,"a7/packages/A7 Unit 2 - Real Numbers, Square Roots and Cube Roots/Lessons/2.01/Keys/A7 2.01 Square Values - Additional Question Bank - Key.docx"
"a7/packages/A7 Unit 2 - Real Numbers, Square Roots and Cube Roots/Answer Keys/A7 2.01  Worksheet Key.docx",A7 2.01  Worksheet Key.docx,A7 2.01 Square Values - Question Bank - Key.docx,"a7/packages/A7 Unit 2 - Real Numbers, Square Roots and Cube Roots/Lessons/2.01/Keys/A7 2.01 Square Values - Question Bank - Key.docx"
"a7/packages/A7 Unit 2 - Real Numbers, Square Roots and Cube Roots/Answer Keys/A7 2.02  Additional Practice Key.docx",A7 2.02  Additional Practice Key.docx,A7 2.02 Square Values and Square Roots - Additional Question Bank - Key.docx,"a7/packages/A7 Unit 2 - Real Numbers, Square Roots and Cube Roots/Lessons/2.02/Keys/A7 2.02 Square Values and Square Roots - Additional Question Bank - Key.docx"
"a7/packages/A7 Unit 2 - Real Numbers, Square Roots and Cube Roots/Answer Keys/A7 2.02  Worksheet Key.docx",A7 2.02  Worksheet Key.docx,A7 2.02 Square Values and Square Roots - Question Bank - Key.docx,"a7/packages/A7 Unit 2 - Real Numbers, Square Roots and Cube Roots/Lessons/2.02/Keys/A7 2.02 Square Values and Square Roots - Question Bank - Key.docx"
"a7/packages/A7 Unit 2 - Real Numbers, Square Roots and Cube Roots/Answer Keys/A7 2.03  Additional Practice Key.docx",A7 2.03  Additional Practice Key.docx,A7 2.03 Cube Values - Additional Question Bank - Key.docx,"a7/packages/A7 Unit 2 - Real Numbers, Square Roots and Cube Roots/Lessons/2.03/Keys/A7 2.03 Cube Values - Additional Question Bank - Key.docx"
"a7/packages/A7 Unit 2 - Real Numbers, Square Roots and Cube Roots/Answer Keys/A7 2.03  Worksheet Key.docx",A7 2.03  Worksheet Key.docx,A7 2.03 Cube Values - Question Bank - Key.docx,"a7/packages/A7 Unit 2 - Real Numbers, Square Roots and Cube Roots/Lessons/2.03/Keys/A7 2.03 Cube Values - Question Bank - Key.docx"
"a7/packages/A7 Unit 2 - Real Numbers, Square Roots and Cube Roots/Answer Keys/A7 2.04  Additional Practice Key.docx",A7 2.04  Additional Practice Key.docx,A7 2.04 Approximating Irrational Numbers - Additional Question Bank - Key.docx,"a7/packages/A7 Unit 2 - Real Numbers, Square Roots and Cube Roots/Lessons/2.04/Keys/A7 2.04 Approximating Irrational Numbers - Additional Question Bank - Key.docx"
"a7/packages/A7 Unit 2 - Real Numbers, Square Roots and Cube Roots/Answer Keys/A7 2.04  Worksheet Key.docx",A7 2.04  Worksheet Key.docx,A7 2.04 Approximating Irrational Numbers - Question Bank - Key.docx,"a7/packages/A7 Unit 2 - Real Numbers, Square Roots and Cube Roots/Lessons/2.04/Keys/A7 2.04 Approximating Irrational Numbers - Question Bank - Key.docx"
"a7/packages/A7 Unit 2 - Real Numbers, Square Roots and Cube Roots/Answer Keys/A7 2.05  Additional Practice Key.docx",A7 2.05  Additional Practice Key.docx,A7 2.05 Rational and Irrational Numbers on the Number Line - Additional Question Bank - Key.docx,"a7/packages/A7 Unit 2 - Real Numbers, Square Roots and Cube Roots/Lessons/2.05/Keys/A7 2.05 Rational and Irrational Numbers on the Number Line - Additional Question Bank - Key.docx"
"a7/packages/A7 Unit 2 - Real Numbers, Square Roots and Cube Roots/Answer Keys/A7 2.05  Worksheet Key.docx",A7 2.05  Worksheet Key.docx,A7 2.05 Rational and Irrational Numbers on the Number Line - Question Bank - Key.docx,"a7/packages/A7 Unit 2 - Real Numbers, Square Roots and Cube Roots/Lessons/2.05/Keys/A7 2.05 Rational and Irrational Numbers on the Number Line - Question Bank - Key.docx"
"a7/packages/A7 Unit 2 - Real Numbers, Square Roots and Cube Roots/Answer Keys/A7 2.06  Additional Practice Key.docx",A7 2.06  Additional Practice Key.docx,"A7 2.06 Plotting, Ordering and Comparing Real Numbers - Additional Question Bank - Key.docx","a7/packages/A7 Unit 2 - Real Numbers, Square Roots and Cube Roots/Lessons/2.06/Keys/A7 2.06 Plotting, Ordering and Comparing Real Numbers - Additional Question Bank - Key.docx"
"a7/packages/A7 Unit 2 - Real Numbers, Square Roots and Cube Roots/Answer Keys/A7 2.06  Circuit Key.docx",A7 2.06  Circuit Key.docx,"A7 2.06 Plotting, Ordering and Comparing Real Numbers - Circuit - Key.docx","a7/packages/A7 Unit 2 - Real Numbers, Square Roots and Cube Roots/Lessons/2.06/Keys/A7 2.06 Plotting, Ordering and Comparing Real Numbers - Circuit - Key.docx"
"a7/packages/A7 Unit 2 - Real Numbers, Square Roots and Cube Roots/Assessments/A7 2  Unit Assessment.docx",A7 2  Unit Assessment.docx,"A7 Unit 2 Real Numbers, Square Roots and Cube Roots - Test.docx","a7/packages/A7 Unit 2 - Real Numbers, Square Roots and Cube Roots/Assessment/A7 Unit 2 Real Numbers, Square Roots and Cube Roots - Test.docx"
"a7/packages/A7 Unit 2 - Real Numbers, Square Roots and Cube Roots/Assessments/A7 2  Unit Review.docx",A7 2  Unit Review.docx,"A7 Unit 2 Real Numbers, Square Roots and Cube Roots - Review.docx","a7/packages/A7 Unit 2 - Real Numbers, Square Roots and Cube Roots/Review/A7 Unit 2 Real Numbers, Square Roots and Cube Roots - Review.docx"
"a7/packages/A7 Unit 2 - Real Numbers, Square Roots and Cube Roots/Handouts/A7 2  Reference Sheet.docx",A7 2  Reference Sheet.docx,"A7 Unit 2 Real Numbers, Square Roots and Cube Roots - Reference Sheet.docx","a7/packages/A7 Unit 2 - Real Numbers, Square Roots and Cube Roots/Handouts/A7 Unit 2 Real Numbers, Square Roots and Cube Roots - Reference Sheet.docx"
"a7/packages/A7 Unit 2 - Real Numbers, Square Roots and Cube Roots/PDFs/Answer Keys/A7 2  Unit Assessment Key.pdf",A7 2  Unit Assessment Key.pdf,"A7 Unit 2 Real Numbers, Square Roots and Cube Roots - Test - Key.pdf","a7/packages/A7 Unit 2 - Real Numbers, Square Roots and Cube Roots/Assessment/A7 Unit 2 Real Numbers, Square Roots and Cube Roots - Test - Key.pdf"
"a7/packages/A7 Unit 2 - Real Numbers, Square Roots and Cube Roots/PDFs/Answer Keys/A7 2  Unit Review Key.pdf",A7 2  Unit Review Key.pdf,"A7 Unit 2 Real Numbers, Square Roots and Cube Roots - Review - Key.pdf","a7/packages/A7 Unit 2 - Real Numbers, Square Roots and Cube Roots/Review/A7 Unit 2 Real Numbers, Square Roots and Cube Roots - Review - Key.pdf"
"a7/packages/A7 Unit 2 - Real Numbers, Square Roots and Cube Roots/PDFs/Answer Keys/A7 2.01  Additional Practice Key.pdf",A7 2.01  Additional Practice Key.pdf,A7 2.01 Square Values - Additional Question Bank - Key.pdf,"a7/packages/A7 Unit 2 - Real Numbers, Square Roots and Cube Roots/Lessons/2.01/Keys/A7 2.01 Square Values - Additional Question Bank - Key.pdf"
"a7/packages/A7 Unit 2 - Real Numbers, Square Roots and Cube Roots/PDFs/Answer Keys/A7 2.01  Worksheet Key.pdf",A7 2.01  Worksheet Key.pdf,A7 2.01 Square Values - Question Bank - Key.pdf,"a7/packages/A7 Unit 2 - Real Numbers, Square Roots and Cube Roots/Lessons/2.01/Keys/A7 2.01 Square Values - Question Bank - Key.pdf"
"a7/packages/A7 Unit 2 - Real Numbers, Square Roots and Cube Roots/PDFs/Answer Keys/A7 2.02  Additional Practice Key.pdf",A7 2.02  Additional Practice Key.pdf,A7 2.02 Square Values and Square Roots - Additional Question Bank - Key.pdf,"a7/packages/A7 Unit 2 - Real Numbers, Square Roots and Cube Roots/Lessons/2.02/Keys/A7 2.02 Square Values and Square Roots - Additional Question Bank - Key.pdf"
"a7/packages/A7 Unit 2 - Real Numbers, Square Roots and Cube Roots/PDFs/Answer Keys/A7 2.02  Worksheet Key.pdf",A7 2.02  Worksheet Key.pdf,A7 2.02 Square Values and Square Roots - Question Bank - Key.pdf,"a7/packages/A7 Unit 2 - Real Numbers, Square Roots and Cube Roots/Lessons/2.02/Keys/A7 2.02 Square Values and Square Roots - Question Bank - Key.pdf"
"a7/packages/A7 Unit 2 - Real Numbers, Square Roots and Cube Roots/PDFs/Answer Keys/A7 2.03  Additional Practice Key.pdf",A7 2.03  Additional Practice Key.pdf,A7 2.03 Cube Values - Additional Question Bank - Key.pdf,"a7/packages/A7 Unit 2 - Real Numbers, Square Roots and Cube Roots/Lessons/2.03/Keys/A7 2.03 Cube Values - Additional Question Bank - Key.pdf"
"a7/packages/A7 Unit 2 - Real Numbers, Square Roots and Cube Roots/PDFs/Answer Keys/A7 2.03  Worksheet Key.pdf",A7 2.03  Worksheet Key.pdf,A7 2.03 Cube Values - Question Bank - Key.pdf,"a7/packages/A7 Unit 2 - Real Numbers, Square Roots and Cube Roots/Lessons/2.03/Keys/A7 2.03 Cube Values - Question Bank - Key.pdf"
"a7/packages/A7 Unit 2 - Real Numbers, Square Roots and Cube Roots/PDFs/Answer Keys/A7 2.04  Additional Practice Key.pdf",A7 2.04  Additional Practice Key.pdf,A7 2.04 Approximating Irrational Numbers - Additional Question Bank - Key.pdf,"a7/packages/A7 Unit 2 - Real Numbers, Square Roots and Cube Roots/Lessons/2.04/Keys/A7 2.04 Approximating Irrational Numbers - Additional Question Bank - Key.pdf"
"a7/packages/A7 Unit 2 - Real Numbers, Square Roots and Cube Roots/PDFs/Answer Keys/A7 2.04  Worksheet Key.pdf",A7 2.04  Worksheet Key.pdf,A7 2.04 Approximating Irrational Numbers - Question Bank - Key.pdf,"a7/packages/A7 Unit 2 - Real Numbers, Square Roots and Cube Roots/Lessons/2.04/Keys/A7 2.04 Approximating Irrational Numbers - Question Bank - Key.pdf"
"a7/packages/A7 Unit 2 - Real Numbers, Square Roots and Cube Roots/PDFs/Answer Keys/A7 2.05  Additional Practice Key.pdf",A7 2.05  Additional Practice Key.pdf,A7 2.05 Rational and Irrational Numbers on the Number Line - Additional Question Bank - Key.pdf,"a7/packages/A7 Unit 2 - Real Numbers, Square Roots and Cube Roots/Lessons/2.05/Keys/A7 2.05 Rational and Irrational Numbers on the Number Line - Additional Question Bank - Key.pdf"
"a7/packages/A7 Unit 2 - Real Numbers, Square Roots and Cube Roots/PDFs/Answer Keys/A7 2.05  Worksheet Key.pdf",A7 2.05  Worksheet Key.pdf,A7 2.05 Rational and Irrational Numbers on the Number Line - Question Bank - Key.pdf,"a7/packages/A7 Unit 2 - Real Numbers, Square Roots and Cube Roots/Lessons/2.05/Keys/A7 2.05 Rational and Irrational Numbers on the Number Line - Question Bank - Key.pdf"
"a7/packages/A7 Unit 2 - Real Numbers, Square Roots and Cube Roots/PDFs/Answer Keys/A7 2.06  Additional Practice Key.pdf",A7 2.06  Additional Practice Key.pdf,"A7 2.06 Plotting, Ordering and Comparing Real Numbers - Additional Question Bank - Key.pdf","a7/packages/A7 Unit 2 - Real Numbers, Square Roots and Cube Roots/Lessons/2.06/Keys/A7 2.06 Plotting, Ordering and Comparing Real Numbers - Additional Question Bank - Key.pdf"
"a7/packages/A7 Unit 2 - Real Numbers, Square Roots and Cube Roots/PDFs/Answer Keys/A7 2.06  Circuit Key.pdf",A7 2.06  Circuit Key.pdf,"A7 2.06 Plotting, Ordering and Comparing Real Numbers - Circuit - Key.pdf","a7/packages/A7 Unit 2 - Real Numbers, Square Roots and Cube Roots/Lessons/2.06/Keys/A7 2.06 Plotting, Ordering and Comparing Real Numbers - Circuit - Key.pdf"
"a7/packages/A7 Unit 2 - Real Numbers, Square Roots and Cube Roots/PDFs/Assessments/A7 2  Unit Assessment.pdf",A7 2  Unit Assessment.pdf,"A7 Unit 2 Real Numbers, Square Roots and Cube Roots - Test.pdf","a7/packages/A7 Unit 2 - Real Numbers, Square Roots and Cube Roots/Assessment/A7 Unit 2 Real Numbers, Square Roots and Cube Roots - Test.pdf"
"a7/packages/A7 Unit 2 - Real Numbers, Square Roots and Cube Roots/PDFs/Assessments/A7 2  Unit Review.pdf",A7 2  Unit Review.pdf,"A7 Unit 2 Real Numbers, Square Roots and Cube Roots - Review.pdf","a7/packages/A7 Unit 2 - Real Numbers, Square Roots and Cube Roots/Review/A7 Unit 2 Real Numbers, Square Roots and Cube Roots - Review.pdf"
"a7/packages/A7 Unit 2 - Real Numbers, Square Roots and Cube Roots/PDFs/Handouts/A7 2  Reference Sheet.pdf",A7 2  Reference Sheet.pdf,"A7 Unit 2 Real Numbers, Square Roots and Cube Roots - Reference Sheet.pdf","a7/packages/A7 Unit 2 - Real Numbers, Square Roots and Cube Roots/Handouts/A7 Unit 2 Real Numbers, Square Roots and Cube Roots - Reference Sheet.pdf"
"a7/packages/A7 Unit 2 - Real Numbers, Square Roots and Cube Roots/PDFs/Question Banks/A7 2.01  Question Bank - Additional.pdf",A7 2.01  Question Bank - Additional.pdf,A7 2.01 Square Values - Additional Question Bank.pdf,"a7/packages/A7 Unit 2 - Real Numbers, Square Roots and Cube Roots/Lessons/2.01/A7 2.01 Square Values - Additional Question Bank.pdf"
"a7/packages/A7 Unit 2 - Real Numbers, Square Roots and Cube Roots/PDFs/Question Banks/A7 2.01  Question Bank.pdf",A7 2.01  Question Bank.pdf,A7 2.01 Square Values - Question Bank.pdf,"a7/packages/A7 Unit 2 - Real Numbers, Square Roots and Cube Roots/Lessons/2.01/A7 2.01 Square Values - Question Bank.pdf"
"a7/packages/A7 Unit 2 - Real Numbers, Square Roots and Cube Roots/PDFs/Question Banks/A7 2.02  Question Bank - Additional.pdf",A7 2.02  Question Bank - Additional.pdf,A7 2.02 Square Values and Square Roots - Additional Question Bank.pdf,"a7/packages/A7 Unit 2 - Real Numbers, Square Roots and Cube Roots/Lessons/2.02/A7 2.02 Square Values and Square Roots - Additional Question Bank.pdf"
"a7/packages/A7 Unit 2 - Real Numbers, Square Roots and Cube Roots/PDFs/Question Banks/A7 2.02  Question Bank.pdf",A7 2.02  Question Bank.pdf,A7 2.02 Square Values and Square Roots - Question Bank.pdf,"a7/packages/A7 Unit 2 - Real Numbers, Square Roots and Cube Roots/Lessons/2.02/A7 2.02 Square Values and Square Roots - Question Bank.pdf"
"a7/packages/A7 Unit 2 - Real Numbers, Square Roots and Cube Roots/PDFs/Question Banks/A7 2.03  Question Bank - Additional.pdf",A7 2.03  Question Bank - Additional.pdf,A7 2.03 Cube Values - Additional Question Bank.pdf,"a7/packages/A7 Unit 2 - Real Numbers, Square Roots and Cube Roots/Lessons/2.03/A7 2.03 Cube Values - Additional Question Bank.pdf"
"a7/packages/A7 Unit 2 - Real Numbers, Square Roots and Cube Roots/PDFs/Question Banks/A7 2.03  Question Bank.pdf",A7 2.03  Question Bank.pdf,A7 2.03 Cube Values - Question Bank.pdf,"a7/packages/A7 Unit 2 - Real Numbers, Square Roots and Cube Roots/Lessons/2.03/A7 2.03 Cube Values - Question Bank.pdf"
"a7/packages/A7 Unit 2 - Real Numbers, Square Roots and Cube Roots/PDFs/Question Banks/A7 2.04  Question Bank - Additional.pdf",A7 2.04  Question Bank - Additional.pdf,A7 2.04 Approximating Irrational Numbers - Additional Question Bank.pdf,"a7/packages/A7 Unit 2 - Real Numbers, Square Roots and Cube Roots/Lessons/2.04/A7 2.04 Approximating Irrational Numbers - Additional Question Bank.pdf"
"a7/packages/A7 Unit 2 - Real Numbers, Square Roots and Cube Roots/PDFs/Question Banks/A7 2.04  Question Bank.pdf",A7 2.04  Question Bank.pdf,A7 2.04 Approximating Irrational Numbers - Question Bank.pdf,"a7/packages/A7 Unit 2 - Real Numbers, Square Roots and Cube Roots/Lessons/2.04/A7 2.04 Approximating Irrational Numbers - Question Bank.pdf"
"a7/packages/A7 Unit 2 - Real Numbers, Square Roots and Cube Roots/PDFs/Question Banks/A7 2.05  Question Bank - Additional.pdf",A7 2.05  Question Bank - Additional.pdf,A7 2.05 Rational and Irrational Numbers on the Number Line - Additional Question Bank.pdf,"a7/packages/A7 Unit 2 - Real Numbers, Square Roots and Cube Roots/Lessons/2.05/A7 2.05 Rational and Irrational Numbers on the Number Line - Additional Question Bank.pdf"
"a7/packages/A7 Unit 2 - Real Numbers, Square Roots and Cube Roots/PDFs/Question Banks/A7 2.05  Question Bank.pdf",A7 2.05  Question Bank.pdf,A7 2.05 Rational and Irrational Numbers on the Number Line - Question Bank.pdf,"a7/packages/A7 Unit 2 - Real Numbers, Square Roots and Cube Roots/Lessons/2.05/A7 2.05 Rational and Irrational Numbers on the Number Line - Question Bank.pdf"
"a7/packages/A7 Unit 2 - Real Numbers, Square Roots and Cube Roots/PDFs/Question Banks/A7 2.06  Circuit.pdf",A7 2.06  Circuit.pdf,"A7 2.06 Plotting, Ordering and Comparing Real Numbers - Circuit.pdf","a7/packages/A7 Unit 2 - Real Numbers, Square Roots and Cube Roots/Lessons/2.06/A7 2.06 Plotting, Ordering and Comparing Real Numbers - Circuit.pdf"
"a7/packages/A7 Unit 2 - Real Numbers, Square Roots and Cube Roots/PDFs/Question Banks/A7 2.06  Question Bank - Additional.pdf",A7 2.06  Question Bank - Additional.pdf,"A7 2.06 Plotting, Ordering and Comparing Real Numbers - Additional Question Bank.pdf","a7/packages/A7 Unit 2 - Real Numbers, Square Roots and Cube Roots/Lessons/2.06/A7 2.06 Plotting, Ordering and Comparing Real Numbers - Additional Question Bank.pdf"
"a7/packages/A7 Unit 2 - Real Numbers, Square Roots and Cube Roots/PDFs/Slides/A7 2.01  Slides.pdf",A7 2.01  Slides.pdf,A7 2.01 Square Values - Slides.pdf,"a7/packages/A7 Unit 2 - Real Numbers, Square Roots and Cube Roots/Lessons/2.01/A7 2.01 Square Values - Slides.pdf"
"a7/packages/A7 Unit 2 - Real Numbers, Square Roots and Cube Roots/PDFs/Slides/A7 2.02  Slides.pdf",A7 2.02  Slides.pdf,A7 2.02 Square Values and Square Roots - Slides.pdf,"a7/packages/A7 Unit 2 - Real Numbers, Square Roots and Cube Roots/Lessons/2.02/A7 2.02 Square Values and Square Roots - Slides.pdf"
"a7/packages/A7 Unit 2 - Real Numbers, Square Roots and Cube Roots/PDFs/Slides/A7 2.03  Slides.pdf",A7 2.03  Slides.pdf,A7 2.03 Cube Values - Slides.pdf,"a7/packages/A7 Unit 2 - Real Numbers, Square Roots and Cube Roots/Lessons/2.03/A7 2.03 Cube Values - Slides.pdf"
"a7/packages/A7 Unit 2 - Real Numbers, Square Roots and Cube Roots/PDFs/Slides/A7 2.04  Slides.pdf",A7 2.04  Slides.pdf,A7 2.04 Approximating Irrational Numbers - Slides.pdf,"a7/packages/A7 Unit 2 - Real Numbers, Square Roots and Cube Roots/Lessons/2.04/A7 2.04 Approximating Irrational Numbers - Slides.pdf"
"a7/packages/A7 Unit 2 - Real Numbers, Square Roots and Cube Roots/PDFs/Slides/A7 2.05  Slides.pdf",A7 2.05  Slides.pdf,A7 2.05 Rational and Irrational Numbers on the Number Line - Slides.pdf,"a7/packages/A7 Unit 2 - Real Numbers, Square Roots and Cube Roots/Lessons/2.05/A7 2.05 Rational and Irrational Numbers on the Number Line - Slides.pdf"
"a7/packages/A7 Unit 2 - Real Numbers, Square Roots and Cube Roots/PDFs/Slides/A7 2.06  Slides.pdf",A7 2.06  Slides.pdf,"A7 2.06 Plotting, Ordering and Comparing Real Numbers - Slides.pdf","a7/packages/A7 Unit 2 - Real Numbers, Square Roots and Cube Roots/Lessons/2.06/A7 2.06 Plotting, Ordering and Comparing Real Numbers - Slides.pdf"
"a7/packages/A7 Unit 2 - Real Numbers, Square Roots and Cube Roots/PDFs/Teacher Editions/A7 2.01  Teacher Edition.pdf",A7 2.01  Teacher Edition.pdf,A7 2.01 Square Values - Teacher Edition.pdf,"a7/packages/A7 Unit 2 - Real Numbers, Square Roots and Cube Roots/Lessons/2.01/A7 2.01 Square Values - Teacher Edition.pdf"
"a7/packages/A7 Unit 2 - Real Numbers, Square Roots and Cube Roots/PDFs/Teacher Editions/A7 2.02  Teacher Edition.pdf",A7 2.02  Teacher Edition.pdf,A7 2.02 Square Values and Square Roots - Teacher Edition.pdf,"a7/packages/A7 Unit 2 - Real Numbers, Square Roots and Cube Roots/Lessons/2.02/A7 2.02 Square Values and Square Roots - Teacher Edition.pdf"
"a7/packages/A7 Unit 2 - Real Numbers, Square Roots and Cube Roots/PDFs/Teacher Editions/A7 2.03  Teacher Edition.pdf",A7 2.03  Teacher Edition.pdf,A7 2.03 Cube Values - Teacher Edition.pdf,"a7/packages/A7 Unit 2 - Real Numbers, Square Roots and Cube Roots/Lessons/2.03/A7 2.03 Cube Values - Teacher Edition.pdf"
"a7/packages/A7 Unit 2 - Real Numbers, Square Roots and Cube Roots/PDFs/Teacher Editions/A7 2.04  Teacher Edition.pdf",A7 2.04  Teacher Edition.pdf,A7 2.04 Approximating Irrational Numbers - Teacher Edition.pdf,"a7/packages/A7 Unit 2 - Real Numbers, Square Roots and Cube Roots/Lessons/2.04/A7 2.04 Approximating Irrational Numbers - Teacher Edition.pdf"
"a7/packages/A7 Unit 2 - Real Numbers, Square Roots and Cube Roots/PDFs/Teacher Editions/A7 2.05  Teacher Edition.pdf",A7 2.05  Teacher Edition.pdf,A7 2.05 Rational and Irrational Numbers on the Number Line - Teacher Edition.pdf,"a7/packages/A7 Unit 2 - Real Numbers, Square Roots and Cube Roots/Lessons/2.05/A7 2.05 Rational and Irrational Numbers on the Number Line - Teacher Edition.pdf"
"a7/packages/A7 Unit 2 - Real Numbers, Square Roots and Cube Roots/PDFs/Teacher Editions/A7 2.06  Teacher Edition.pdf",A7 2.06  Teacher Edition.pdf,"A7 2.06 Plotting, Ordering and Comparing Real Numbers - Teacher Edition.pdf","a7/packages/A7 Unit 2 - Real Numbers, Square Roots and Cube Roots/Lessons/2.06/A7 2.06 Plotting, Ordering and Comparing Real Numbers - Teacher Edition.pdf"
"a7/packages/A7 Unit 2 - Real Numbers, Square Roots and Cube Roots/Question Banks/A7 2.01  Question Bank - Additional.docx",A7 2.01  Question Bank - Additional.docx,A7 2.01 Square Values - Additional Question Bank.docx,"a7/packages/A7 Unit 2 - Real Numbers, Square Roots and Cube Roots/Lessons/2.01/A7 2.01 Square Values - Additional Question Bank.docx"
"a7/packages/A7 Unit 2 - Real Numbers, Square Roots and Cube Roots/Question Banks/A7 2.01  Question Bank.docx",A7 2.01  Question Bank.docx,A7 2.01 Square Values - Question Bank.docx,"a7/packages/A7 Unit 2 - Real Numbers, Square Roots and Cube Roots/Lessons/2.01/A7 2.01 Square Values - Question Bank.docx"
"a7/packages/A7 Unit 2 - Real Numbers, Square Roots and Cube Roots/Question Banks/A7 2.02  Question Bank - Additional.docx",A7 2.02  Question Bank - Additional.docx,A7 2.02 Square Values and Square Roots - Additional Question Bank.docx,"a7/packages/A7 Unit 2 - Real Numbers, Square Roots and Cube Roots/Lessons/2.02/A7 2.02 Square Values and Square Roots - Additional Question Bank.docx"
"a7/packages/A7 Unit 2 - Real Numbers, Square Roots and Cube Roots/Question Banks/A7 2.02  Question Bank.docx",A7 2.02  Question Bank.docx,A7 2.02 Square Values and Square Roots - Question Bank.docx,"a7/packages/A7 Unit 2 - Real Numbers, Square Roots and Cube Roots/Lessons/2.02/A7 2.02 Square Values and Square Roots - Question Bank.docx"
"a7/packages/A7 Unit 2 - Real Numbers, Square Roots and Cube Roots/Question Banks/A7 2.03  Question Bank - Additional.docx",A7 2.03  Question Bank - Additional.docx,A7 2.03 Cube Values - Additional Question Bank.docx,"a7/packages/A7 Unit 2 - Real Numbers, Square Roots and Cube Roots/Lessons/2.03/A7 2.03 Cube Values - Additional Question Bank.docx"
"a7/packages/A7 Unit 2 - Real Numbers, Square Roots and Cube Roots/Question Banks/A7 2.03  Question Bank.docx",A7 2.03  Question Bank.docx,A7 2.03 Cube Values - Question Bank.docx,"a7/packages/A7 Unit 2 - Real Numbers, Square Roots and Cube Roots/Lessons/2.03/A7 2.03 Cube Values - Question Bank.docx"
"a7/packages/A7 Unit 2 - Real Numbers, Square Roots and Cube Roots/Question Banks/A7 2.04  Question Bank - Additional.docx",A7 2.04  Question Bank - Additional.docx,A7 2.04 Approximating Irrational Numbers - Additional Question Bank.docx,"a7/packages/A7 Unit 2 - Real Numbers, Square Roots and Cube Roots/Lessons/2.04/A7 2.04 Approximating Irrational Numbers - Additional Question Bank.docx"
"a7/packages/A7 Unit 2 - Real Numbers, Square Roots and Cube Roots/Question Banks/A7 2.04  Question Bank.docx",A7 2.04  Question Bank.docx,A7 2.04 Approximating Irrational Numbers - Question Bank.docx,"a7/packages/A7 Unit 2 - Real Numbers, Square Roots and Cube Roots/Lessons/2.04/A7 2.04 Approximating Irrational Numbers - Question Bank.docx"
"a7/packages/A7 Unit 2 - Real Numbers, Square Roots and Cube Roots/Question Banks/A7 2.05  Question Bank - Additional.docx",A7 2.05  Question Bank - Additional.docx,A7 2.05 Rational and Irrational Numbers on the Number Line - Additional Question Bank.docx,"a7/packages/A7 Unit 2 - Real Numbers, Square Roots and Cube Roots/Lessons/2.05/A7 2.05 Rational and Irrational Numbers on the Number Line - Additional Question Bank.docx"
"a7/packages/A7 Unit 2 - Real Numbers, Square Roots and Cube Roots/Question Banks/A7 2.05  Question Bank.docx",A7 2.05  Question Bank.docx,A7 2.05 Rational and Irrational Numbers on the Number Line - Question Bank.docx,"a7/packages/A7 Unit 2 - Real Numbers, Square Roots and Cube Roots/Lessons/2.05/A7 2.05 Rational and Irrational Numbers on the Number Line - Question Bank.docx"
"a7/packages/A7 Unit 2 - Real Numbers, Square Roots and Cube Roots/Question Banks/A7 2.06  Circuit.docx",A7 2.06  Circuit.docx,"A7 2.06 Plotting, Ordering and Comparing Real Numbers - Circuit.docx","a7/packages/A7 Unit 2 - Real Numbers, Square Roots and Cube Roots/Lessons/2.06/A7 2.06 Plotting, Ordering and Comparing Real Numbers - Circuit.docx"
"a7/packages/A7 Unit 2 - Real Numbers, Square Roots and Cube Roots/Question Banks/A7 2.06  Question Bank - Additional.docx",A7 2.06  Question Bank - Additional.docx,"A7 2.06 Plotting, Ordering and Comparing Real Numbers - Additional Question Bank.docx","a7/packages/A7 Unit 2 - Real Numbers, Square Roots and Cube Roots/Lessons/2.06/A7 2.06 Plotting, Ordering and Comparing Real Numbers - Additional Question Bank.docx"
"a7/packages/A7 Unit 2 - Real Numbers, Square Roots and Cube Roots/Reference/PAGE BREAKS - for Croix.md",PAGE BREAKS - for Croix.md,A7 Page Breaks.md,"a7/packages/A7 Unit 2 - Real Numbers, Square Roots and Cube Roots/Reference/A7 Page Breaks.md"
"a7/packages/A7 Unit 2 - Real Numbers, Square Roots and Cube Roots/Reference/SCOPE AND SEQUENCE 2026-2027.md",SCOPE AND SEQUENCE 2026-2027.md,County Scope and Sequence 2026-27.md,"a7/packages/A7 Unit 2 - Real Numbers, Square Roots and Cube Roots/Reference/County Scope and Sequence 2026-27.md"
"a7/packages/A7 Unit 2 - Real Numbers, Square Roots and Cube Roots/Reference/UNIT AUDIT.md",UNIT AUDIT.md,M7 Unit Audit.md,"a7/packages/A7 Unit 2 - Real Numbers, Square Roots and Cube Roots/Reference/M7 Unit Audit.md"
"a7/packages/A7 Unit 2 - Real Numbers, Square Roots and Cube Roots/Reference/What Was Changed - Lessons 01 to 03.md",What Was Changed - Lessons 01 to 03.md,"A7 Unit 2 Real Numbers, Square Roots and Cube Roots - What Was Changed (Lessons 01 to 03).md","a7/packages/A7 Unit 2 - Real Numbers, Square Roots and Cube Roots/Reference/A7 Unit 2 Real Numbers, Square Roots and Cube Roots - What Was Changed (Lessons 01 to 03).md"
"a7/packages/A7 Unit 2 - Real Numbers, Square Roots and Cube Roots/Reference/What Was Changed - Lessons 04 to 06.md",What Was Changed - Lessons 04 to 06.md,"A7 Unit 2 Real Numbers, Square Roots and Cube Roots - What Was Changed (Lessons 04 to 06).md","a7/packages/A7 Unit 2 - Real Numbers, Square Roots and Cube Roots/Reference/A7 Unit 2 Real Numbers, Square Roots and Cube Roots - What Was Changed (Lessons 04 to 06).md"
"a7/packages/A7 Unit 2 - Real Numbers, Square Roots and Cube Roots/Reference/What Was Changed - Unit 2 Assessment.md",What Was Changed - Unit 2 Assessment.md,"A7 Unit 2 Real Numbers, Square Roots and Cube Roots - What Was Changed (Unit 2 Assessment).md","a7/packages/A7 Unit 2 - Real Numbers, Square Roots and Cube Roots/Reference/A7 Unit 2 Real Numbers, Square Roots and Cube Roots - What Was Changed (Unit 2 Assessment).md"
"a7/packages/A7 Unit 2 - Real Numbers, Square Roots and Cube Roots/Slides/A7 2.01  Slides.pptx",A7 2.01  Slides.pptx,A7 2.01 Square Values - Slides.pptx,"a7/packages/A7 Unit 2 - Real Numbers, Square Roots and Cube Roots/Lessons/2.01/A7 2.01 Square Values - Slides.pptx"
"a7/packages/A7 Unit 2 - Real Numbers, Square Roots and Cube Roots/Slides/A7 2.02  Slides.pptx",A7 2.02  Slides.pptx,A7 2.02 Square Values and Square Roots - Slides.pptx,"a7/packages/A7 Unit 2 - Real Numbers, Square Roots and Cube Roots/Lessons/2.02/A7 2.02 Square Values and Square Roots - Slides.pptx"
"a7/packages/A7 Unit 2 - Real Numbers, Square Roots and Cube Roots/Slides/A7 2.03  Slides.pptx",A7 2.03  Slides.pptx,A7 2.03 Cube Values - Slides.pptx,"a7/packages/A7 Unit 2 - Real Numbers, Square Roots and Cube Roots/Lessons/2.03/A7 2.03 Cube Values - Slides.pptx"
"a7/packages/A7 Unit 2 - Real Numbers, Square Roots and Cube Roots/Slides/A7 2.04  Slides.pptx",A7 2.04  Slides.pptx,A7 2.04 Approximating Irrational Numbers - Slides.pptx,"a7/packages/A7 Unit 2 - Real Numbers, Square Roots and Cube Roots/Lessons/2.04/A7 2.04 Approximating Irrational Numbers - Slides.pptx"
"a7/packages/A7 Unit 2 - Real Numbers, Square Roots and Cube Roots/Slides/A7 2.05  Slides.pptx",A7 2.05  Slides.pptx,A7 2.05 Rational and Irrational Numbers on the Number Line - Slides.pptx,"a7/packages/A7 Unit 2 - Real Numbers, Square Roots and Cube Roots/Lessons/2.05/A7 2.05 Rational and Irrational Numbers on the Number Line - Slides.pptx"
"a7/packages/A7 Unit 2 - Real Numbers, Square Roots and Cube Roots/Slides/A7 2.06  Slides.pptx",A7 2.06  Slides.pptx,"A7 2.06 Plotting, Ordering and Comparing Real Numbers - Slides.pptx","a7/packages/A7 Unit 2 - Real Numbers, Square Roots and Cube Roots/Lessons/2.06/A7 2.06 Plotting, Ordering and Comparing Real Numbers - Slides.pptx"
"a7/packages/A7 Unit 2 - Real Numbers, Square Roots and Cube Roots/Teacher Editions/A7 2.01  Teacher Edition.docx",A7 2.01  Teacher Edition.docx,A7 2.01 Square Values - Teacher Edition.docx,"a7/packages/A7 Unit 2 - Real Numbers, Square Roots and Cube Roots/Lessons/2.01/A7 2.01 Square Values - Teacher Edition.docx"
"a7/packages/A7 Unit 2 - Real Numbers, Square Roots and Cube Roots/Teacher Editions/A7 2.02  Teacher Edition.docx",A7 2.02  Teacher Edition.docx,A7 2.02 Square Values and Square Roots - Teacher Edition.docx,"a7/packages/A7 Unit 2 - Real Numbers, Square Roots and Cube Roots/Lessons/2.02/A7 2.02 Square Values and Square Roots - Teacher Edition.docx"
"a7/packages/A7 Unit 2 - Real Numbers, Square Roots and Cube Roots/Teacher Editions/A7 2.03  Teacher Edition.docx",A7 2.03  Teacher Edition.docx,A7 2.03 Cube Values - Teacher Edition.docx,"a7/packages/A7 Unit 2 - Real Numbers, Square Roots and Cube Roots/Lessons/2.03/A7 2.03 Cube Values - Teacher Edition.docx"
"a7/packages/A7 Unit 2 - Real Numbers, Square Roots and Cube Roots/Teacher Editions/A7 2.04  Teacher Edition.docx",A7 2.04  Teacher Edition.docx,A7 2.04 Approximating Irrational Numbers - Teacher Edition.docx,"a7/packages/A7 Unit 2 - Real Numbers, Square Roots and Cube Roots/Lessons/2.04/A7 2.04 Approximating Irrational Numbers - Teacher Edition.docx"
"a7/packages/A7 Unit 2 - Real Numbers, Square Roots and Cube Roots/Teacher Editions/A7 2.05  Teacher Edition.docx",A7 2.05  Teacher Edition.docx,A7 2.05 Rational and Irrational Numbers on the Number Line - Teacher Edition.docx,"a7/packages/A7 Unit 2 - Real Numbers, Square Roots and Cube Roots/Lessons/2.05/A7 2.05 Rational and Irrational Numbers on the Number Line - Teacher Edition.docx"
"a7/packages/A7 Unit 2 - Real Numbers, Square Roots and Cube Roots/Teacher Editions/A7 2.06  Teacher Edition.docx",A7 2.06  Teacher Edition.docx,"A7 2.06 Plotting, Ordering and Comparing Real Numbers - Teacher Edition.docx","a7/packages/A7 Unit 2 - Real Numbers, Square Roots and Cube Roots/Lessons/2.06/A7 2.06 Plotting, Ordering and Comparing Real Numbers - Teacher Edition.docx"
a7/packages/A7 Unit 3 - Exponents and Scientific Notation/Answer Keys/A7 3  Unit Assessment Key.docx,A7 3  Unit Assessment Key.docx,A7 Unit 3 Exponents and Scientific Notation - Test - Key.docx,a7/packages/A7 Unit 3 - Exponents and Scientific Notation/Assessment/A7 Unit 3 Exponents and Scientific Notation - Test - Key.docx
a7/packages/A7 Unit 3 - Exponents and Scientific Notation/Answer Keys/A7 3  Unit Review Key.docx,A7 3  Unit Review Key.docx,A7 Unit 3 Exponents and Scientific Notation - Review - Key.docx,a7/packages/A7 Unit 3 - Exponents and Scientific Notation/Review/A7 Unit 3 Exponents and Scientific Notation - Review - Key.docx
a7/packages/A7 Unit 3 - Exponents and Scientific Notation/Answer Keys/A7 3.01  Independent Set Key.docx,A7 3.01  Independent Set Key.docx,A7 3.01 Product Laws of Exponents - Independent Set - Key.docx,a7/packages/A7 Unit 3 - Exponents and Scientific Notation/Lessons/3.01/Keys/A7 3.01 Product Laws of Exponents - Independent Set - Key.docx
a7/packages/A7 Unit 3 - Exponents and Scientific Notation/Answer Keys/A7 3.01  Question Bank - Additional Key.docx,A7 3.01  Question Bank - Additional Key.docx,A7 3.01 Product Laws of Exponents - Additional Question Bank - Key.docx,a7/packages/A7 Unit 3 - Exponents and Scientific Notation/Lessons/3.01/Keys/A7 3.01 Product Laws of Exponents - Additional Question Bank - Key.docx
a7/packages/A7 Unit 3 - Exponents and Scientific Notation/Answer Keys/A7 3.01  Question Bank Key.docx,A7 3.01  Question Bank Key.docx,A7 3.01 Product Laws of Exponents - Question Bank - Key.docx,a7/packages/A7 Unit 3 - Exponents and Scientific Notation/Lessons/3.01/Keys/A7 3.01 Product Laws of Exponents - Question Bank - Key.docx
a7/packages/A7 Unit 3 - Exponents and Scientific Notation/Answer Keys/A7 3.02  Independent Set Key.docx,A7 3.02  Independent Set Key.docx,A7 3.02 Quotient Laws of Exponents - Independent Set - Key.docx,a7/packages/A7 Unit 3 - Exponents and Scientific Notation/Lessons/3.02/Keys/A7 3.02 Quotient Laws of Exponents - Independent Set - Key.docx
a7/packages/A7 Unit 3 - Exponents and Scientific Notation/Answer Keys/A7 3.02  Question Bank - Additional Key.docx,A7 3.02  Question Bank - Additional Key.docx,A7 3.02 Quotient Laws of Exponents - Additional Question Bank - Key.docx,a7/packages/A7 Unit 3 - Exponents and Scientific Notation/Lessons/3.02/Keys/A7 3.02 Quotient Laws of Exponents - Additional Question Bank - Key.docx
a7/packages/A7 Unit 3 - Exponents and Scientific Notation/Answer Keys/A7 3.02  Question Bank Key.docx,A7 3.02  Question Bank Key.docx,A7 3.02 Quotient Laws of Exponents - Question Bank - Key.docx,a7/packages/A7 Unit 3 - Exponents and Scientific Notation/Lessons/3.02/Keys/A7 3.02 Quotient Laws of Exponents - Question Bank - Key.docx
a7/packages/A7 Unit 3 - Exponents and Scientific Notation/Answer Keys/A7 3.03  Independent Set Key.docx,A7 3.03  Independent Set Key.docx,A7 3.03 Exponential Expressions - Independent Set - Key.docx,a7/packages/A7 Unit 3 - Exponents and Scientific Notation/Lessons/3.03/Keys/A7 3.03 Exponential Expressions - Independent Set - Key.docx
a7/packages/A7 Unit 3 - Exponents and Scientific Notation/Answer Keys/A7 3.03  Question Bank - Additional Key.docx,A7 3.03  Question Bank - Additional Key.docx,A7 3.03 Exponential Expressions - Additional Question Bank - Key.docx,a7/packages/A7 Unit 3 - Exponents and Scientific Notation/Lessons/3.03/Keys/A7 3.03 Exponential Expressions - Additional Question Bank - Key.docx
a7/packages/A7 Unit 3 - Exponents and Scientific Notation/Answer Keys/A7 3.03  Question Bank Key.docx,A7 3.03  Question Bank Key.docx,A7 3.03 Exponential Expressions - Question Bank - Key.docx,a7/packages/A7 Unit 3 - Exponents and Scientific Notation/Lessons/3.03/Keys/A7 3.03 Exponential Expressions - Question Bank - Key.docx
a7/packages/A7 Unit 3 - Exponents and Scientific Notation/Answer Keys/A7 3.04  Independent Set Key.docx,A7 3.04  Independent Set Key.docx,A7 3.04 Negative Exponent Law - Independent Set - Key.docx,a7/packages/A7 Unit 3 - Exponents and Scientific Notation/Lessons/3.04/Keys/A7 3.04 Negative Exponent Law - Independent Set - Key.docx
a7/packages/A7 Unit 3 - Exponents and Scientific Notation/Answer Keys/A7 3.04  Question Bank - Additional Key.docx,A7 3.04  Question Bank - Additional Key.docx,A7 3.04 Negative Exponent Law - Additional Question Bank - Key.docx,a7/packages/A7 Unit 3 - Exponents and Scientific Notation/Lessons/3.04/Keys/A7 3.04 Negative Exponent Law - Additional Question Bank - Key.docx
a7/packages/A7 Unit 3 - Exponents and Scientific Notation/Answer Keys/A7 3.04  Question Bank Key.docx,A7 3.04  Question Bank Key.docx,A7 3.04 Negative Exponent Law - Question Bank - Key.docx,a7/packages/A7 Unit 3 - Exponents and Scientific Notation/Lessons/3.04/Keys/A7 3.04 Negative Exponent Law - Question Bank - Key.docx
a7/packages/A7 Unit 3 - Exponents and Scientific Notation/Answer Keys/A7 3.05  Independent Set Key.docx,A7 3.05  Independent Set Key.docx,A7 3.05 Applying Exponent Laws - Independent Set - Key.docx,a7/packages/A7 Unit 3 - Exponents and Scientific Notation/Lessons/3.05/Keys/A7 3.05 Applying Exponent Laws - Independent Set - Key.docx
a7/packages/A7 Unit 3 - Exponents and Scientific Notation/Answer Keys/A7 3.05  Question Bank - Additional Key.docx,A7 3.05  Question Bank - Additional Key.docx,A7 3.05 Applying Exponent Laws - Additional Question Bank - Key.docx,a7/packages/A7 Unit 3 - Exponents and Scientific Notation/Lessons/3.05/Keys/A7 3.05 Applying Exponent Laws - Additional Question Bank - Key.docx
a7/packages/A7 Unit 3 - Exponents and Scientific Notation/Answer Keys/A7 3.05  Question Bank Key.docx,A7 3.05  Question Bank Key.docx,A7 3.05 Applying Exponent Laws - Question Bank - Key.docx,a7/packages/A7 Unit 3 - Exponents and Scientific Notation/Lessons/3.05/Keys/A7 3.05 Applying Exponent Laws - Question Bank - Key.docx
a7/packages/A7 Unit 3 - Exponents and Scientific Notation/Answer Keys/A7 3.06  Independent Set Key.docx,A7 3.06  Independent Set Key.docx,A7 3.06 Evaluating and Equivalent Expressions - Independent Set - Key.docx,a7/packages/A7 Unit 3 - Exponents and Scientific Notation/Lessons/3.06/Keys/A7 3.06 Evaluating and Equivalent Expressions - Independent Set - Key.docx
a7/packages/A7 Unit 3 - Exponents and Scientific Notation/Answer Keys/A7 3.06  Question Bank - Additional Key.docx,A7 3.06  Question Bank - Additional Key.docx,A7 3.06 Evaluating and Equivalent Expressions - Additional Question Bank - Key.docx,a7/packages/A7 Unit 3 - Exponents and Scientific Notation/Lessons/3.06/Keys/A7 3.06 Evaluating and Equivalent Expressions - Additional Question Bank - Key.docx
a7/packages/A7 Unit 3 - Exponents and Scientific Notation/Answer Keys/A7 3.06  Question Bank Key.docx,A7 3.06  Question Bank Key.docx,A7 3.06 Evaluating and Equivalent Expressions - Question Bank - Key.docx,a7/packages/A7 Unit 3 - Exponents and Scientific Notation/Lessons/3.06/Keys/A7 3.06 Evaluating and Equivalent Expressions - Question Bank - Key.docx
a7/packages/A7 Unit 3 - Exponents and Scientific Notation/Answer Keys/A7 3.08  Independent Set Key.docx,A7 3.08  Independent Set Key.docx,A7 3.08 Writing Large Numbers in Scientific Notation - Independent Set - Key.docx,a7/packages/A7 Unit 3 - Exponents and Scientific Notation/Lessons/3.08/Keys/A7 3.08 Writing Large Numbers in Scientific Notation - Independent Set - Key.docx
a7/packages/A7 Unit 3 - Exponents and Scientific Notation/Answer Keys/A7 3.08  Question Bank - Additional Key.docx,A7 3.08  Question Bank - Additional Key.docx,A7 3.08 Writing Large Numbers in Scientific Notation - Additional Question Bank - Key.docx,a7/packages/A7 Unit 3 - Exponents and Scientific Notation/Lessons/3.08/Keys/A7 3.08 Writing Large Numbers in Scientific Notation - Additional Question Bank - Key.docx
a7/packages/A7 Unit 3 - Exponents and Scientific Notation/Answer Keys/A7 3.08  Question Bank Key.docx,A7 3.08  Question Bank Key.docx,A7 3.08 Writing Large Numbers in Scientific Notation - Question Bank - Key.docx,a7/packages/A7 Unit 3 - Exponents and Scientific Notation/Lessons/3.08/Keys/A7 3.08 Writing Large Numbers in Scientific Notation - Question Bank - Key.docx
a7/packages/A7 Unit 3 - Exponents and Scientific Notation/Answer Keys/A7 3.09  Independent Set Key.docx,A7 3.09  Independent Set Key.docx,A7 3.09 Writing Small Numbers in Scientific Notation - Independent Set - Key.docx,a7/packages/A7 Unit 3 - Exponents and Scientific Notation/Lessons/3.09/Keys/A7 3.09 Writing Small Numbers in Scientific Notation - Independent Set - Key.docx
a7/packages/A7 Unit 3 - Exponents and Scientific Notation/Answer Keys/A7 3.09  Question Bank - Additional Key.docx,A7 3.09  Question Bank - Additional Key.docx,A7 3.09 Writing Small Numbers in Scientific Notation - Additional Question Bank - Key.docx,a7/packages/A7 Unit 3 - Exponents and Scientific Notation/Lessons/3.09/Keys/A7 3.09 Writing Small Numbers in Scientific Notation - Additional Question Bank - Key.docx
a7/packages/A7 Unit 3 - Exponents and Scientific Notation/Answer Keys/A7 3.09  Question Bank Key.docx,A7 3.09  Question Bank Key.docx,A7 3.09 Writing Small Numbers in Scientific Notation - Question Bank - Key.docx,a7/packages/A7 Unit 3 - Exponents and Scientific Notation/Lessons/3.09/Keys/A7 3.09 Writing Small Numbers in Scientific Notation - Question Bank - Key.docx
a7/packages/A7 Unit 3 - Exponents and Scientific Notation/Answer Keys/A7 3.T1  Independent Set Key.docx,A7 3.T1  Independent Set Key.docx,A7 3.T1 Exponent Laws with Variable Bases - Independent Set - Key.docx,a7/packages/A7 Unit 3 - Exponents and Scientific Notation/Lessons/3.T1/Keys/A7 3.T1 Exponent Laws with Variable Bases - Independent Set - Key.docx
a7/packages/A7 Unit 3 - Exponents and Scientific Notation/Answer Keys/A7 3.T1  Question Bank - Additional Key.docx,A7 3.T1  Question Bank - Additional Key.docx,A7 3.T1 Exponent Laws with Variable Bases - Additional Question Bank - Key.docx,a7/packages/A7 Unit 3 - Exponents and Scientific Notation/Lessons/3.T1/Keys/A7 3.T1 Exponent Laws with Variable Bases - Additional Question Bank - Key.docx
a7/packages/A7 Unit 3 - Exponents and Scientific Notation/Answer Keys/A7 3.T1  Question Bank Key.docx,A7 3.T1  Question Bank Key.docx,A7 3.T1 Exponent Laws with Variable Bases - Question Bank - Key.docx,a7/packages/A7 Unit 3 - Exponents and Scientific Notation/Lessons/3.T1/Keys/A7 3.T1 Exponent Laws with Variable Bases - Question Bank - Key.docx
a7/packages/A7 Unit 3 - Exponents and Scientific Notation/Answer Keys/A7 3.T2  Independent Set Key.docx,A7 3.T2  Independent Set Key.docx,A7 3.T2 Negative Exponents with Variable Bases - Independent Set - Key.docx,a7/packages/A7 Unit 3 - Exponents and Scientific Notation/Lessons/3.T2/Keys/A7 3.T2 Negative Exponents with Variable Bases - Independent Set - Key.docx
a7/packages/A7 Unit 3 - Exponents and Scientific Notation/Answer Keys/A7 3.T2  Question Bank - Additional Key.docx,A7 3.T2  Question Bank - Additional Key.docx,A7 3.T2 Negative Exponents with Variable Bases - Additional Question Bank - Key.docx,a7/packages/A7 Unit 3 - Exponents and Scientific Notation/Lessons/3.T2/Keys/A7 3.T2 Negative Exponents with Variable Bases - Additional Question Bank - Key.docx
a7/packages/A7 Unit 3 - Exponents and Scientific Notation/Answer Keys/A7 3.T2  Question Bank Key.docx,A7 3.T2  Question Bank Key.docx,A7 3.T2 Negative Exponents with Variable Bases - Question Bank - Key.docx,a7/packages/A7 Unit 3 - Exponents and Scientific Notation/Lessons/3.T2/Keys/A7 3.T2 Negative Exponents with Variable Bases - Question Bank - Key.docx
a7/packages/A7 Unit 3 - Exponents and Scientific Notation/Assessments/A7 3  Unit Assessment.docx,A7 3  Unit Assessment.docx,A7 Unit 3 Exponents and Scientific Notation - Test.docx,a7/packages/A7 Unit 3 - Exponents and Scientific Notation/Assessment/A7 Unit 3 Exponents and Scientific Notation - Test.docx
a7/packages/A7 Unit 3 - Exponents and Scientific Notation/Assessments/A7 3  Unit Review.docx,A7 3  Unit Review.docx,A7 Unit 3 Exponents and Scientific Notation - Review.docx,a7/packages/A7 Unit 3 - Exponents and Scientific Notation/Review/A7 Unit 3 Exponents and Scientific Notation - Review.docx
a7/packages/A7 Unit 3 - Exponents and Scientific Notation/Handouts/A7 3  Reference Sheet.docx,A7 3  Reference Sheet.docx,A7 Unit 3 Exponents and Scientific Notation - Reference Sheet.docx,a7/packages/A7 Unit 3 - Exponents and Scientific Notation/Handouts/A7 Unit 3 Exponents and Scientific Notation - Reference Sheet.docx
a7/packages/A7 Unit 3 - Exponents and Scientific Notation/Independent Sets/A7 3.01  Independent Set.docx,A7 3.01  Independent Set.docx,A7 3.01 Product Laws of Exponents - Independent Set.docx,a7/packages/A7 Unit 3 - Exponents and Scientific Notation/Lessons/3.01/A7 3.01 Product Laws of Exponents - Independent Set.docx
a7/packages/A7 Unit 3 - Exponents and Scientific Notation/Independent Sets/A7 3.02  Independent Set.docx,A7 3.02  Independent Set.docx,A7 3.02 Quotient Laws of Exponents - Independent Set.docx,a7/packages/A7 Unit 3 - Exponents and Scientific Notation/Lessons/3.02/A7 3.02 Quotient Laws of Exponents - Independent Set.docx
a7/packages/A7 Unit 3 - Exponents and Scientific Notation/Independent Sets/A7 3.03  Independent Set.docx,A7 3.03  Independent Set.docx,A7 3.03 Exponential Expressions - Independent Set.docx,a7/packages/A7 Unit 3 - Exponents and Scientific Notation/Lessons/3.03/A7 3.03 Exponential Expressions - Independent Set.docx
a7/packages/A7 Unit 3 - Exponents and Scientific Notation/Independent Sets/A7 3.04  Independent Set.docx,A7 3.04  Independent Set.docx,A7 3.04 Negative Exponent Law - Independent Set.docx,a7/packages/A7 Unit 3 - Exponents and Scientific Notation/Lessons/3.04/A7 3.04 Negative Exponent Law - Independent Set.docx
a7/packages/A7 Unit 3 - Exponents and Scientific Notation/Independent Sets/A7 3.05  Independent Set.docx,A7 3.05  Independent Set.docx,A7 3.05 Applying Exponent Laws - Independent Set.docx,a7/packages/A7 Unit 3 - Exponents and Scientific Notation/Lessons/3.05/A7 3.05 Applying Exponent Laws - Independent Set.docx
a7/packages/A7 Unit 3 - Exponents and Scientific Notation/Independent Sets/A7 3.06  Independent Set.docx,A7 3.06  Independent Set.docx,A7 3.06 Evaluating and Equivalent Expressions - Independent Set.docx,a7/packages/A7 Unit 3 - Exponents and Scientific Notation/Lessons/3.06/A7 3.06 Evaluating and Equivalent Expressions - Independent Set.docx
a7/packages/A7 Unit 3 - Exponents and Scientific Notation/Independent Sets/A7 3.08  Independent Set.docx,A7 3.08  Independent Set.docx,A7 3.08 Writing Large Numbers in Scientific Notation - Independent Set.docx,a7/packages/A7 Unit 3 - Exponents and Scientific Notation/Lessons/3.08/A7 3.08 Writing Large Numbers in Scientific Notation - Independent Set.docx
a7/packages/A7 Unit 3 - Exponents and Scientific Notation/Independent Sets/A7 3.09  Independent Set.docx,A7 3.09  Independent Set.docx,A7 3.09 Writing Small Numbers in Scientific Notation - Independent Set.docx,a7/packages/A7 Unit 3 - Exponents and Scientific Notation/Lessons/3.09/A7 3.09 Writing Small Numbers in Scientific Notation - Independent Set.docx
a7/packages/A7 Unit 3 - Exponents and Scientific Notation/Independent Sets/A7 3.T1  Independent Set.docx,A7 3.T1  Independent Set.docx,A7 3.T1 Exponent Laws with Variable Bases - Independent Set.docx,a7/packages/A7 Unit 3 - Exponents and Scientific Notation/Lessons/3.T1/A7 3.T1 Exponent Laws with Variable Bases - Independent Set.docx
a7/packages/A7 Unit 3 - Exponents and Scientific Notation/Independent Sets/A7 3.T2  Independent Set.docx,A7 3.T2  Independent Set.docx,A7 3.T2 Negative Exponents with Variable Bases - Independent Set.docx,a7/packages/A7 Unit 3 - Exponents and Scientific Notation/Lessons/3.T2/A7 3.T2 Negative Exponents with Variable Bases - Independent Set.docx
a7/packages/A7 Unit 3 - Exponents and Scientific Notation/Lesson Plans/A7 3.01  Lesson Plan.docx,A7 3.01  Lesson Plan.docx,A7 3.01 Product Laws of Exponents - Lesson Plan.docx,a7/packages/A7 Unit 3 - Exponents and Scientific Notation/Lessons/3.01/A7 3.01 Product Laws of Exponents - Lesson Plan.docx
a7/packages/A7 Unit 3 - Exponents and Scientific Notation/Lesson Plans/A7 3.02  Lesson Plan.docx,A7 3.02  Lesson Plan.docx,A7 3.02 Quotient Laws of Exponents - Lesson Plan.docx,a7/packages/A7 Unit 3 - Exponents and Scientific Notation/Lessons/3.02/A7 3.02 Quotient Laws of Exponents - Lesson Plan.docx
a7/packages/A7 Unit 3 - Exponents and Scientific Notation/Lesson Plans/A7 3.03  Lesson Plan.docx,A7 3.03  Lesson Plan.docx,A7 3.03 Exponential Expressions - Lesson Plan.docx,a7/packages/A7 Unit 3 - Exponents and Scientific Notation/Lessons/3.03/A7 3.03 Exponential Expressions - Lesson Plan.docx
a7/packages/A7 Unit 3 - Exponents and Scientific Notation/Lesson Plans/A7 3.04  Lesson Plan.docx,A7 3.04  Lesson Plan.docx,A7 3.04 Negative Exponent Law - Lesson Plan.docx,a7/packages/A7 Unit 3 - Exponents and Scientific Notation/Lessons/3.04/A7 3.04 Negative Exponent Law - Lesson Plan.docx
a7/packages/A7 Unit 3 - Exponents and Scientific Notation/Lesson Plans/A7 3.05  Lesson Plan.docx,A7 3.05  Lesson Plan.docx,A7 3.05 Applying Exponent Laws - Lesson Plan.docx,a7/packages/A7 Unit 3 - Exponents and Scientific Notation/Lessons/3.05/A7 3.05 Applying Exponent Laws - Lesson Plan.docx
a7/packages/A7 Unit 3 - Exponents and Scientific Notation/Lesson Plans/A7 3.06  Lesson Plan.docx,A7 3.06  Lesson Plan.docx,A7 3.06 Evaluating and Equivalent Expressions - Lesson Plan.docx,a7/packages/A7 Unit 3 - Exponents and Scientific Notation/Lessons/3.06/A7 3.06 Evaluating and Equivalent Expressions - Lesson Plan.docx
a7/packages/A7 Unit 3 - Exponents and Scientific Notation/Lesson Plans/A7 3.08  Lesson Plan.docx,A7 3.08  Lesson Plan.docx,A7 3.08 Writing Large Numbers in Scientific Notation - Lesson Plan.docx,a7/packages/A7 Unit 3 - Exponents and Scientific Notation/Lessons/3.08/A7 3.08 Writing Large Numbers in Scientific Notation - Lesson Plan.docx
a7/packages/A7 Unit 3 - Exponents and Scientific Notation/Lesson Plans/A7 3.09  Lesson Plan.docx,A7 3.09  Lesson Plan.docx,A7 3.09 Writing Small Numbers in Scientific Notation - Lesson Plan.docx,a7/packages/A7 Unit 3 - Exponents and Scientific Notation/Lessons/3.09/A7 3.09 Writing Small Numbers in Scientific Notation - Lesson Plan.docx
a7/packages/A7 Unit 3 - Exponents and Scientific Notation/Lesson Plans/A7 3.T1  Lesson Plan.docx,A7 3.T1  Lesson Plan.docx,A7 3.T1 Exponent Laws with Variable Bases - Lesson Plan.docx,a7/packages/A7 Unit 3 - Exponents and Scientific Notation/Lessons/3.T1/A7 3.T1 Exponent Laws with Variable Bases - Lesson Plan.docx
a7/packages/A7 Unit 3 - Exponents and Scientific Notation/Lesson Plans/A7 3.T2  Lesson Plan.docx,A7 3.T2  Lesson Plan.docx,A7 3.T2 Negative Exponents with Variable Bases - Lesson Plan.docx,a7/packages/A7 Unit 3 - Exponents and Scientific Notation/Lessons/3.T2/A7 3.T2 Negative Exponents with Variable Bases - Lesson Plan.docx
a7/packages/A7 Unit 3 - Exponents and Scientific Notation/PDFs/Answer Keys/A7 3  Unit Assessment Key.pdf,A7 3  Unit Assessment Key.pdf,A7 Unit 3 Exponents and Scientific Notation - Test - Key.pdf,a7/packages/A7 Unit 3 - Exponents and Scientific Notation/Assessment/A7 Unit 3 Exponents and Scientific Notation - Test - Key.pdf
a7/packages/A7 Unit 3 - Exponents and Scientific Notation/PDFs/Answer Keys/A7 3  Unit Review Key.pdf,A7 3  Unit Review Key.pdf,A7 Unit 3 Exponents and Scientific Notation - Review - Key.pdf,a7/packages/A7 Unit 3 - Exponents and Scientific Notation/Review/A7 Unit 3 Exponents and Scientific Notation - Review - Key.pdf
a7/packages/A7 Unit 3 - Exponents and Scientific Notation/PDFs/Answer Keys/A7 3.01  Independent Set Key.pdf,A7 3.01  Independent Set Key.pdf,A7 3.01 Product Laws of Exponents - Independent Set - Key.pdf,a7/packages/A7 Unit 3 - Exponents and Scientific Notation/Lessons/3.01/Keys/A7 3.01 Product Laws of Exponents - Independent Set - Key.pdf
a7/packages/A7 Unit 3 - Exponents and Scientific Notation/PDFs/Answer Keys/A7 3.01  Question Bank - Additional Key.pdf,A7 3.01  Question Bank - Additional Key.pdf,A7 3.01 Product Laws of Exponents - Additional Question Bank - Key.pdf,a7/packages/A7 Unit 3 - Exponents and Scientific Notation/Lessons/3.01/Keys/A7 3.01 Product Laws of Exponents - Additional Question Bank - Key.pdf
a7/packages/A7 Unit 3 - Exponents and Scientific Notation/PDFs/Answer Keys/A7 3.01  Question Bank Key.pdf,A7 3.01  Question Bank Key.pdf,A7 3.01 Product Laws of Exponents - Question Bank - Key.pdf,a7/packages/A7 Unit 3 - Exponents and Scientific Notation/Lessons/3.01/Keys/A7 3.01 Product Laws of Exponents - Question Bank - Key.pdf
a7/packages/A7 Unit 3 - Exponents and Scientific Notation/PDFs/Answer Keys/A7 3.02  Independent Set Key.pdf,A7 3.02  Independent Set Key.pdf,A7 3.02 Quotient Laws of Exponents - Independent Set - Key.pdf,a7/packages/A7 Unit 3 - Exponents and Scientific Notation/Lessons/3.02/Keys/A7 3.02 Quotient Laws of Exponents - Independent Set - Key.pdf
a7/packages/A7 Unit 3 - Exponents and Scientific Notation/PDFs/Answer Keys/A7 3.02  Question Bank - Additional Key.pdf,A7 3.02  Question Bank - Additional Key.pdf,A7 3.02 Quotient Laws of Exponents - Additional Question Bank - Key.pdf,a7/packages/A7 Unit 3 - Exponents and Scientific Notation/Lessons/3.02/Keys/A7 3.02 Quotient Laws of Exponents - Additional Question Bank - Key.pdf
a7/packages/A7 Unit 3 - Exponents and Scientific Notation/PDFs/Answer Keys/A7 3.02  Question Bank Key.pdf,A7 3.02  Question Bank Key.pdf,A7 3.02 Quotient Laws of Exponents - Question Bank - Key.pdf,a7/packages/A7 Unit 3 - Exponents and Scientific Notation/Lessons/3.02/Keys/A7 3.02 Quotient Laws of Exponents - Question Bank - Key.pdf
a7/packages/A7 Unit 3 - Exponents and Scientific Notation/PDFs/Answer Keys/A7 3.03  Independent Set Key.pdf,A7 3.03  Independent Set Key.pdf,A7 3.03 Exponential Expressions - Independent Set - Key.pdf,a7/packages/A7 Unit 3 - Exponents and Scientific Notation/Lessons/3.03/Keys/A7 3.03 Exponential Expressions - Independent Set - Key.pdf
a7/packages/A7 Unit 3 - Exponents and Scientific Notation/PDFs/Answer Keys/A7 3.03  Question Bank - Additional Key.pdf,A7 3.03  Question Bank - Additional Key.pdf,A7 3.03 Exponential Expressions - Additional Question Bank - Key.pdf,a7/packages/A7 Unit 3 - Exponents and Scientific Notation/Lessons/3.03/Keys/A7 3.03 Exponential Expressions - Additional Question Bank - Key.pdf
a7/packages/A7 Unit 3 - Exponents and Scientific Notation/PDFs/Answer Keys/A7 3.03  Question Bank Key.pdf,A7 3.03  Question Bank Key.pdf,A7 3.03 Exponential Expressions - Question Bank - Key.pdf,a7/packages/A7 Unit 3 - Exponents and Scientific Notation/Lessons/3.03/Keys/A7 3.03 Exponential Expressions - Question Bank - Key.pdf
a7/packages/A7 Unit 3 - Exponents and Scientific Notation/PDFs/Answer Keys/A7 3.04  Independent Set Key.pdf,A7 3.04  Independent Set Key.pdf,A7 3.04 Negative Exponent Law - Independent Set - Key.pdf,a7/packages/A7 Unit 3 - Exponents and Scientific Notation/Lessons/3.04/Keys/A7 3.04 Negative Exponent Law - Independent Set - Key.pdf
a7/packages/A7 Unit 3 - Exponents and Scientific Notation/PDFs/Answer Keys/A7 3.04  Question Bank - Additional Key.pdf,A7 3.04  Question Bank - Additional Key.pdf,A7 3.04 Negative Exponent Law - Additional Question Bank - Key.pdf,a7/packages/A7 Unit 3 - Exponents and Scientific Notation/Lessons/3.04/Keys/A7 3.04 Negative Exponent Law - Additional Question Bank - Key.pdf
a7/packages/A7 Unit 3 - Exponents and Scientific Notation/PDFs/Answer Keys/A7 3.04  Question Bank Key.pdf,A7 3.04  Question Bank Key.pdf,A7 3.04 Negative Exponent Law - Question Bank - Key.pdf,a7/packages/A7 Unit 3 - Exponents and Scientific Notation/Lessons/3.04/Keys/A7 3.04 Negative Exponent Law - Question Bank - Key.pdf
a7/packages/A7 Unit 3 - Exponents and Scientific Notation/PDFs/Answer Keys/A7 3.05  Independent Set Key.pdf,A7 3.05  Independent Set Key.pdf,A7 3.05 Applying Exponent Laws - Independent Set - Key.pdf,a7/packages/A7 Unit 3 - Exponents and Scientific Notation/Lessons/3.05/Keys/A7 3.05 Applying Exponent Laws - Independent Set - Key.pdf
a7/packages/A7 Unit 3 - Exponents and Scientific Notation/PDFs/Answer Keys/A7 3.05  Question Bank - Additional Key.pdf,A7 3.05  Question Bank - Additional Key.pdf,A7 3.05 Applying Exponent Laws - Additional Question Bank - Key.pdf,a7/packages/A7 Unit 3 - Exponents and Scientific Notation/Lessons/3.05/Keys/A7 3.05 Applying Exponent Laws - Additional Question Bank - Key.pdf
a7/packages/A7 Unit 3 - Exponents and Scientific Notation/PDFs/Answer Keys/A7 3.05  Question Bank Key.pdf,A7 3.05  Question Bank Key.pdf,A7 3.05 Applying Exponent Laws - Question Bank - Key.pdf,a7/packages/A7 Unit 3 - Exponents and Scientific Notation/Lessons/3.05/Keys/A7 3.05 Applying Exponent Laws - Question Bank - Key.pdf
a7/packages/A7 Unit 3 - Exponents and Scientific Notation/PDFs/Answer Keys/A7 3.06  Independent Set Key.pdf,A7 3.06  Independent Set Key.pdf,A7 3.06 Evaluating and Equivalent Expressions - Independent Set - Key.pdf,a7/packages/A7 Unit 3 - Exponents and Scientific Notation/Lessons/3.06/Keys/A7 3.06 Evaluating and Equivalent Expressions - Independent Set - Key.pdf
a7/packages/A7 Unit 3 - Exponents and Scientific Notation/PDFs/Answer Keys/A7 3.06  Question Bank - Additional Key.pdf,A7 3.06  Question Bank - Additional Key.pdf,A7 3.06 Evaluating and Equivalent Expressions - Additional Question Bank - Key.pdf,a7/packages/A7 Unit 3 - Exponents and Scientific Notation/Lessons/3.06/Keys/A7 3.06 Evaluating and Equivalent Expressions - Additional Question Bank - Key.pdf
a7/packages/A7 Unit 3 - Exponents and Scientific Notation/PDFs/Answer Keys/A7 3.06  Question Bank Key.pdf,A7 3.06  Question Bank Key.pdf,A7 3.06 Evaluating and Equivalent Expressions - Question Bank - Key.pdf,a7/packages/A7 Unit 3 - Exponents and Scientific Notation/Lessons/3.06/Keys/A7 3.06 Evaluating and Equivalent Expressions - Question Bank - Key.pdf
a7/packages/A7 Unit 3 - Exponents and Scientific Notation/PDFs/Answer Keys/A7 3.08  Independent Set Key.pdf,A7 3.08  Independent Set Key.pdf,A7 3.08 Writing Large Numbers in Scientific Notation - Independent Set - Key.pdf,a7/packages/A7 Unit 3 - Exponents and Scientific Notation/Lessons/3.08/Keys/A7 3.08 Writing Large Numbers in Scientific Notation - Independent Set - Key.pdf
a7/packages/A7 Unit 3 - Exponents and Scientific Notation/PDFs/Answer Keys/A7 3.08  Question Bank - Additional Key.pdf,A7 3.08  Question Bank - Additional Key.pdf,A7 3.08 Writing Large Numbers in Scientific Notation - Additional Question Bank - Key.pdf,a7/packages/A7 Unit 3 - Exponents and Scientific Notation/Lessons/3.08/Keys/A7 3.08 Writing Large Numbers in Scientific Notation - Additional Question Bank - Key.pdf
a7/packages/A7 Unit 3 - Exponents and Scientific Notation/PDFs/Answer Keys/A7 3.08  Question Bank Key.pdf,A7 3.08  Question Bank Key.pdf,A7 3.08 Writing Large Numbers in Scientific Notation - Question Bank - Key.pdf,a7/packages/A7 Unit 3 - Exponents and Scientific Notation/Lessons/3.08/Keys/A7 3.08 Writing Large Numbers in Scientific Notation - Question Bank - Key.pdf
a7/packages/A7 Unit 3 - Exponents and Scientific Notation/PDFs/Answer Keys/A7 3.09  Independent Set Key.pdf,A7 3.09  Independent Set Key.pdf,A7 3.09 Writing Small Numbers in Scientific Notation - Independent Set - Key.pdf,a7/packages/A7 Unit 3 - Exponents and Scientific Notation/Lessons/3.09/Keys/A7 3.09 Writing Small Numbers in Scientific Notation - Independent Set - Key.pdf
a7/packages/A7 Unit 3 - Exponents and Scientific Notation/PDFs/Answer Keys/A7 3.09  Question Bank - Additional Key.pdf,A7 3.09  Question Bank - Additional Key.pdf,A7 3.09 Writing Small Numbers in Scientific Notation - Additional Question Bank - Key.pdf,a7/packages/A7 Unit 3 - Exponents and Scientific Notation/Lessons/3.09/Keys/A7 3.09 Writing Small Numbers in Scientific Notation - Additional Question Bank - Key.pdf
a7/packages/A7 Unit 3 - Exponents and Scientific Notation/PDFs/Answer Keys/A7 3.09  Question Bank Key.pdf,A7 3.09  Question Bank Key.pdf,A7 3.09 Writing Small Numbers in Scientific Notation - Question Bank - Key.pdf,a7/packages/A7 Unit 3 - Exponents and Scientific Notation/Lessons/3.09/Keys/A7 3.09 Writing Small Numbers in Scientific Notation - Question Bank - Key.pdf
a7/packages/A7 Unit 3 - Exponents and Scientific Notation/PDFs/Answer Keys/A7 3.T1  Independent Set Key.pdf,A7 3.T1  Independent Set Key.pdf,A7 3.T1 Exponent Laws with Variable Bases - Independent Set - Key.pdf,a7/packages/A7 Unit 3 - Exponents and Scientific Notation/Lessons/3.T1/Keys/A7 3.T1 Exponent Laws with Variable Bases - Independent Set - Key.pdf
a7/packages/A7 Unit 3 - Exponents and Scientific Notation/PDFs/Answer Keys/A7 3.T1  Question Bank - Additional Key.pdf,A7 3.T1  Question Bank - Additional Key.pdf,A7 3.T1 Exponent Laws with Variable Bases - Additional Question Bank - Key.pdf,a7/packages/A7 Unit 3 - Exponents and Scientific Notation/Lessons/3.T1/Keys/A7 3.T1 Exponent Laws with Variable Bases - Additional Question Bank - Key.pdf
a7/packages/A7 Unit 3 - Exponents and Scientific Notation/PDFs/Answer Keys/A7 3.T1  Question Bank Key.pdf,A7 3.T1  Question Bank Key.pdf,A7 3.T1 Exponent Laws with Variable Bases - Question Bank - Key.pdf,a7/packages/A7 Unit 3 - Exponents and Scientific Notation/Lessons/3.T1/Keys/A7 3.T1 Exponent Laws with Variable Bases - Question Bank - Key.pdf
a7/packages/A7 Unit 3 - Exponents and Scientific Notation/PDFs/Answer Keys/A7 3.T2  Independent Set Key.pdf,A7 3.T2  Independent Set Key.pdf,A7 3.T2 Negative Exponents with Variable Bases - Independent Set - Key.pdf,a7/packages/A7 Unit 3 - Exponents and Scientific Notation/Lessons/3.T2/Keys/A7 3.T2 Negative Exponents with Variable Bases - Independent Set - Key.pdf
a7/packages/A7 Unit 3 - Exponents and Scientific Notation/PDFs/Answer Keys/A7 3.T2  Question Bank - Additional Key.pdf,A7 3.T2  Question Bank - Additional Key.pdf,A7 3.T2 Negative Exponents with Variable Bases - Additional Question Bank - Key.pdf,a7/packages/A7 Unit 3 - Exponents and Scientific Notation/Lessons/3.T2/Keys/A7 3.T2 Negative Exponents with Variable Bases - Additional Question Bank - Key.pdf
a7/packages/A7 Unit 3 - Exponents and Scientific Notation/PDFs/Answer Keys/A7 3.T2  Question Bank Key.pdf,A7 3.T2  Question Bank Key.pdf,A7 3.T2 Negative Exponents with Variable Bases - Question Bank - Key.pdf,a7/packages/A7 Unit 3 - Exponents and Scientific Notation/Lessons/3.T2/Keys/A7 3.T2 Negative Exponents with Variable Bases - Question Bank - Key.pdf
a7/packages/A7 Unit 3 - Exponents and Scientific Notation/PDFs/Assessments/A7 3  Unit Assessment.pdf,A7 3  Unit Assessment.pdf,A7 Unit 3 Exponents and Scientific Notation - Test.pdf,a7/packages/A7 Unit 3 - Exponents and Scientific Notation/Assessment/A7 Unit 3 Exponents and Scientific Notation - Test.pdf
a7/packages/A7 Unit 3 - Exponents and Scientific Notation/PDFs/Assessments/A7 3  Unit Review.pdf,A7 3  Unit Review.pdf,A7 Unit 3 Exponents and Scientific Notation - Review.pdf,a7/packages/A7 Unit 3 - Exponents and Scientific Notation/Review/A7 Unit 3 Exponents and Scientific Notation - Review.pdf
a7/packages/A7 Unit 3 - Exponents and Scientific Notation/PDFs/Handouts/A7 3  Reference Sheet.pdf,A7 3  Reference Sheet.pdf,A7 Unit 3 Exponents and Scientific Notation - Reference Sheet.pdf,a7/packages/A7 Unit 3 - Exponents and Scientific Notation/Handouts/A7 Unit 3 Exponents and Scientific Notation - Reference Sheet.pdf
a7/packages/A7 Unit 3 - Exponents and Scientific Notation/PDFs/Independent Sets/A7 3.01  Independent Set.pdf,A7 3.01  Independent Set.pdf,A7 3.01 Product Laws of Exponents - Independent Set.pdf,a7/packages/A7 Unit 3 - Exponents and Scientific Notation/Lessons/3.01/A7 3.01 Product Laws of Exponents - Independent Set.pdf
a7/packages/A7 Unit 3 - Exponents and Scientific Notation/PDFs/Independent Sets/A7 3.02  Independent Set.pdf,A7 3.02  Independent Set.pdf,A7 3.02 Quotient Laws of Exponents - Independent Set.pdf,a7/packages/A7 Unit 3 - Exponents and Scientific Notation/Lessons/3.02/A7 3.02 Quotient Laws of Exponents - Independent Set.pdf
a7/packages/A7 Unit 3 - Exponents and Scientific Notation/PDFs/Independent Sets/A7 3.03  Independent Set.pdf,A7 3.03  Independent Set.pdf,A7 3.03 Exponential Expressions - Independent Set.pdf,a7/packages/A7 Unit 3 - Exponents and Scientific Notation/Lessons/3.03/A7 3.03 Exponential Expressions - Independent Set.pdf
a7/packages/A7 Unit 3 - Exponents and Scientific Notation/PDFs/Independent Sets/A7 3.04  Independent Set.pdf,A7 3.04  Independent Set.pdf,A7 3.04 Negative Exponent Law - Independent Set.pdf,a7/packages/A7 Unit 3 - Exponents and Scientific Notation/Lessons/3.04/A7 3.04 Negative Exponent Law - Independent Set.pdf
a7/packages/A7 Unit 3 - Exponents and Scientific Notation/PDFs/Independent Sets/A7 3.05  Independent Set.pdf,A7 3.05  Independent Set.pdf,A7 3.05 Applying Exponent Laws - Independent Set.pdf,a7/packages/A7 Unit 3 - Exponents and Scientific Notation/Lessons/3.05/A7 3.05 Applying Exponent Laws - Independent Set.pdf
a7/packages/A7 Unit 3 - Exponents and Scientific Notation/PDFs/Independent Sets/A7 3.06  Independent Set.pdf,A7 3.06  Independent Set.pdf,A7 3.06 Evaluating and Equivalent Expressions - Independent Set.pdf,a7/packages/A7 Unit 3 - Exponents and Scientific Notation/Lessons/3.06/A7 3.06 Evaluating and Equivalent Expressions - Independent Set.pdf
a7/packages/A7 Unit 3 - Exponents and Scientific Notation/PDFs/Independent Sets/A7 3.08  Independent Set.pdf,A7 3.08  Independent Set.pdf,A7 3.08 Writing Large Numbers in Scientific Notation - Independent Set.pdf,a7/packages/A7 Unit 3 - Exponents and Scientific Notation/Lessons/3.08/A7 3.08 Writing Large Numbers in Scientific Notation - Independent Set.pdf
a7/packages/A7 Unit 3 - Exponents and Scientific Notation/PDFs/Independent Sets/A7 3.09  Independent Set.pdf,A7 3.09  Independent Set.pdf,A7 3.09 Writing Small Numbers in Scientific Notation - Independent Set.pdf,a7/packages/A7 Unit 3 - Exponents and Scientific Notation/Lessons/3.09/A7 3.09 Writing Small Numbers in Scientific Notation - Independent Set.pdf
a7/packages/A7 Unit 3 - Exponents and Scientific Notation/PDFs/Independent Sets/A7 3.T1  Independent Set.pdf,A7 3.T1  Independent Set.pdf,A7 3.T1 Exponent Laws with Variable Bases - Independent Set.pdf,a7/packages/A7 Unit 3 - Exponents and Scientific Notation/Lessons/3.T1/A7 3.T1 Exponent Laws with Variable Bases - Independent Set.pdf
a7/packages/A7 Unit 3 - Exponents and Scientific Notation/PDFs/Independent Sets/A7 3.T2  Independent Set.pdf,A7 3.T2  Independent Set.pdf,A7 3.T2 Negative Exponents with Variable Bases - Independent Set.pdf,a7/packages/A7 Unit 3 - Exponents and Scientific Notation/Lessons/3.T2/A7 3.T2 Negative Exponents with Variable Bases - Independent Set.pdf
a7/packages/A7 Unit 3 - Exponents and Scientific Notation/PDFs/Lesson Plans/A7 3.01  Lesson Plan.pdf,A7 3.01  Lesson Plan.pdf,A7 3.01 Product Laws of Exponents - Lesson Plan.pdf,a7/packages/A7 Unit 3 - Exponents and Scientific Notation/Lessons/3.01/A7 3.01 Product Laws of Exponents - Lesson Plan.pdf
a7/packages/A7 Unit 3 - Exponents and Scientific Notation/PDFs/Lesson Plans/A7 3.02  Lesson Plan.pdf,A7 3.02  Lesson Plan.pdf,A7 3.02 Quotient Laws of Exponents - Lesson Plan.pdf,a7/packages/A7 Unit 3 - Exponents and Scientific Notation/Lessons/3.02/A7 3.02 Quotient Laws of Exponents - Lesson Plan.pdf
a7/packages/A7 Unit 3 - Exponents and Scientific Notation/PDFs/Lesson Plans/A7 3.03  Lesson Plan.pdf,A7 3.03  Lesson Plan.pdf,A7 3.03 Exponential Expressions - Lesson Plan.pdf,a7/packages/A7 Unit 3 - Exponents and Scientific Notation/Lessons/3.03/A7 3.03 Exponential Expressions - Lesson Plan.pdf
a7/packages/A7 Unit 3 - Exponents and Scientific Notation/PDFs/Lesson Plans/A7 3.04  Lesson Plan.pdf,A7 3.04  Lesson Plan.pdf,A7 3.04 Negative Exponent Law - Lesson Plan.pdf,a7/packages/A7 Unit 3 - Exponents and Scientific Notation/Lessons/3.04/A7 3.04 Negative Exponent Law - Lesson Plan.pdf
a7/packages/A7 Unit 3 - Exponents and Scientific Notation/PDFs/Lesson Plans/A7 3.05  Lesson Plan.pdf,A7 3.05  Lesson Plan.pdf,A7 3.05 Applying Exponent Laws - Lesson Plan.pdf,a7/packages/A7 Unit 3 - Exponents and Scientific Notation/Lessons/3.05/A7 3.05 Applying Exponent Laws - Lesson Plan.pdf
a7/packages/A7 Unit 3 - Exponents and Scientific Notation/PDFs/Lesson Plans/A7 3.06  Lesson Plan.pdf,A7 3.06  Lesson Plan.pdf,A7 3.06 Evaluating and Equivalent Expressions - Lesson Plan.pdf,a7/packages/A7 Unit 3 - Exponents and Scientific Notation/Lessons/3.06/A7 3.06 Evaluating and Equivalent Expressions - Lesson Plan.pdf
a7/packages/A7 Unit 3 - Exponents and Scientific Notation/PDFs/Lesson Plans/A7 3.08  Lesson Plan.pdf,A7 3.08  Lesson Plan.pdf,A7 3.08 Writing Large Numbers in Scientific Notation - Lesson Plan.pdf,a7/packages/A7 Unit 3 - Exponents and Scientific Notation/Lessons/3.08/A7 3.08 Writing Large Numbers in Scientific Notation - Lesson Plan.pdf
a7/packages/A7 Unit 3 - Exponents and Scientific Notation/PDFs/Lesson Plans/A7 3.09  Lesson Plan.pdf,A7 3.09  Lesson Plan.pdf,A7 3.09 Writing Small Numbers in Scientific Notation - Lesson Plan.pdf,a7/packages/A7 Unit 3 - Exponents and Scientific Notation/Lessons/3.09/A7 3.09 Writing Small Numbers in Scientific Notation - Lesson Plan.pdf
a7/packages/A7 Unit 3 - Exponents and Scientific Notation/PDFs/Lesson Plans/A7 3.T1  Lesson Plan.pdf,A7 3.T1  Lesson Plan.pdf,A7 3.T1 Exponent Laws with Variable Bases - Lesson Plan.pdf,a7/packages/A7 Unit 3 - Exponents and Scientific Notation/Lessons/3.T1/A7 3.T1 Exponent Laws with Variable Bases - Lesson Plan.pdf
a7/packages/A7 Unit 3 - Exponents and Scientific Notation/PDFs/Lesson Plans/A7 3.T2  Lesson Plan.pdf,A7 3.T2  Lesson Plan.pdf,A7 3.T2 Negative Exponents with Variable Bases - Lesson Plan.pdf,a7/packages/A7 Unit 3 - Exponents and Scientific Notation/Lessons/3.T2/A7 3.T2 Negative Exponents with Variable Bases - Lesson Plan.pdf
a7/packages/A7 Unit 3 - Exponents and Scientific Notation/PDFs/Question Banks/A7 3.01  Question Bank - Additional.pdf,A7 3.01  Question Bank - Additional.pdf,A7 3.01 Product Laws of Exponents - Additional Question Bank.pdf,a7/packages/A7 Unit 3 - Exponents and Scientific Notation/Lessons/3.01/A7 3.01 Product Laws of Exponents - Additional Question Bank.pdf
a7/packages/A7 Unit 3 - Exponents and Scientific Notation/PDFs/Question Banks/A7 3.01  Question Bank.pdf,A7 3.01  Question Bank.pdf,A7 3.01 Product Laws of Exponents - Question Bank.pdf,a7/packages/A7 Unit 3 - Exponents and Scientific Notation/Lessons/3.01/A7 3.01 Product Laws of Exponents - Question Bank.pdf
a7/packages/A7 Unit 3 - Exponents and Scientific Notation/PDFs/Question Banks/A7 3.02  Question Bank - Additional.pdf,A7 3.02  Question Bank - Additional.pdf,A7 3.02 Quotient Laws of Exponents - Additional Question Bank.pdf,a7/packages/A7 Unit 3 - Exponents and Scientific Notation/Lessons/3.02/A7 3.02 Quotient Laws of Exponents - Additional Question Bank.pdf
a7/packages/A7 Unit 3 - Exponents and Scientific Notation/PDFs/Question Banks/A7 3.02  Question Bank.pdf,A7 3.02  Question Bank.pdf,A7 3.02 Quotient Laws of Exponents - Question Bank.pdf,a7/packages/A7 Unit 3 - Exponents and Scientific Notation/Lessons/3.02/A7 3.02 Quotient Laws of Exponents - Question Bank.pdf
a7/packages/A7 Unit 3 - Exponents and Scientific Notation/PDFs/Question Banks/A7 3.03  Question Bank - Additional.pdf,A7 3.03  Question Bank - Additional.pdf,A7 3.03 Exponential Expressions - Additional Question Bank.pdf,a7/packages/A7 Unit 3 - Exponents and Scientific Notation/Lessons/3.03/A7 3.03 Exponential Expressions - Additional Question Bank.pdf
a7/packages/A7 Unit 3 - Exponents and Scientific Notation/PDFs/Question Banks/A7 3.03  Question Bank.pdf,A7 3.03  Question Bank.pdf,A7 3.03 Exponential Expressions - Question Bank.pdf,a7/packages/A7 Unit 3 - Exponents and Scientific Notation/Lessons/3.03/A7 3.03 Exponential Expressions - Question Bank.pdf
a7/packages/A7 Unit 3 - Exponents and Scientific Notation/PDFs/Question Banks/A7 3.04  Question Bank - Additional.pdf,A7 3.04  Question Bank - Additional.pdf,A7 3.04 Negative Exponent Law - Additional Question Bank.pdf,a7/packages/A7 Unit 3 - Exponents and Scientific Notation/Lessons/3.04/A7 3.04 Negative Exponent Law - Additional Question Bank.pdf
a7/packages/A7 Unit 3 - Exponents and Scientific Notation/PDFs/Question Banks/A7 3.04  Question Bank.pdf,A7 3.04  Question Bank.pdf,A7 3.04 Negative Exponent Law - Question Bank.pdf,a7/packages/A7 Unit 3 - Exponents and Scientific Notation/Lessons/3.04/A7 3.04 Negative Exponent Law - Question Bank.pdf
a7/packages/A7 Unit 3 - Exponents and Scientific Notation/PDFs/Question Banks/A7 3.05  Question Bank - Additional.pdf,A7 3.05  Question Bank - Additional.pdf,A7 3.05 Applying Exponent Laws - Additional Question Bank.pdf,a7/packages/A7 Unit 3 - Exponents and Scientific Notation/Lessons/3.05/A7 3.05 Applying Exponent Laws - Additional Question Bank.pdf
a7/packages/A7 Unit 3 - Exponents and Scientific Notation/PDFs/Question Banks/A7 3.05  Question Bank.pdf,A7 3.05  Question Bank.pdf,A7 3.05 Applying Exponent Laws - Question Bank.pdf,a7/packages/A7 Unit 3 - Exponents and Scientific Notation/Lessons/3.05/A7 3.05 Applying Exponent Laws - Question Bank.pdf
a7/packages/A7 Unit 3 - Exponents and Scientific Notation/PDFs/Question Banks/A7 3.06  Question Bank - Additional.pdf,A7 3.06  Question Bank - Additional.pdf,A7 3.06 Evaluating and Equivalent Expressions - Additional Question Bank.pdf,a7/packages/A7 Unit 3 - Exponents and Scientific Notation/Lessons/3.06/A7 3.06 Evaluating and Equivalent Expressions - Additional Question Bank.pdf
a7/packages/A7 Unit 3 - Exponents and Scientific Notation/PDFs/Question Banks/A7 3.06  Question Bank.pdf,A7 3.06  Question Bank.pdf,A7 3.06 Evaluating and Equivalent Expressions - Question Bank.pdf,a7/packages/A7 Unit 3 - Exponents and Scientific Notation/Lessons/3.06/A7 3.06 Evaluating and Equivalent Expressions - Question Bank.pdf
a7/packages/A7 Unit 3 - Exponents and Scientific Notation/PDFs/Question Banks/A7 3.08  Question Bank - Additional.pdf,A7 3.08  Question Bank - Additional.pdf,A7 3.08 Writing Large Numbers in Scientific Notation - Additional Question Bank.pdf,a7/packages/A7 Unit 3 - Exponents and Scientific Notation/Lessons/3.08/A7 3.08 Writing Large Numbers in Scientific Notation - Additional Question Bank.pdf
a7/packages/A7 Unit 3 - Exponents and Scientific Notation/PDFs/Question Banks/A7 3.08  Question Bank.pdf,A7 3.08  Question Bank.pdf,A7 3.08 Writing Large Numbers in Scientific Notation - Question Bank.pdf,a7/packages/A7 Unit 3 - Exponents and Scientific Notation/Lessons/3.08/A7 3.08 Writing Large Numbers in Scientific Notation - Question Bank.pdf
a7/packages/A7 Unit 3 - Exponents and Scientific Notation/PDFs/Question Banks/A7 3.09  Question Bank - Additional.pdf,A7 3.09  Question Bank - Additional.pdf,A7 3.09 Writing Small Numbers in Scientific Notation - Additional Question Bank.pdf,a7/packages/A7 Unit 3 - Exponents and Scientific Notation/Lessons/3.09/A7 3.09 Writing Small Numbers in Scientific Notation - Additional Question Bank.pdf
a7/packages/A7 Unit 3 - Exponents and Scientific Notation/PDFs/Question Banks/A7 3.09  Question Bank.pdf,A7 3.09  Question Bank.pdf,A7 3.09 Writing Small Numbers in Scientific Notation - Question Bank.pdf,a7/packages/A7 Unit 3 - Exponents and Scientific Notation/Lessons/3.09/A7 3.09 Writing Small Numbers in Scientific Notation - Question Bank.pdf
a7/packages/A7 Unit 3 - Exponents and Scientific Notation/PDFs/Question Banks/A7 3.T1  Question Bank - Additional.pdf,A7 3.T1  Question Bank - Additional.pdf,A7 3.T1 Exponent Laws with Variable Bases - Additional Question Bank.pdf,a7/packages/A7 Unit 3 - Exponents and Scientific Notation/Lessons/3.T1/A7 3.T1 Exponent Laws with Variable Bases - Additional Question Bank.pdf
a7/packages/A7 Unit 3 - Exponents and Scientific Notation/PDFs/Question Banks/A7 3.T1  Question Bank.pdf,A7 3.T1  Question Bank.pdf,A7 3.T1 Exponent Laws with Variable Bases - Question Bank.pdf,a7/packages/A7 Unit 3 - Exponents and Scientific Notation/Lessons/3.T1/A7 3.T1 Exponent Laws with Variable Bases - Question Bank.pdf
a7/packages/A7 Unit 3 - Exponents and Scientific Notation/PDFs/Question Banks/A7 3.T2  Question Bank - Additional.pdf,A7 3.T2  Question Bank - Additional.pdf,A7 3.T2 Negative Exponents with Variable Bases - Additional Question Bank.pdf,a7/packages/A7 Unit 3 - Exponents and Scientific Notation/Lessons/3.T2/A7 3.T2 Negative Exponents with Variable Bases - Additional Question Bank.pdf
a7/packages/A7 Unit 3 - Exponents and Scientific Notation/PDFs/Question Banks/A7 3.T2  Question Bank.pdf,A7 3.T2  Question Bank.pdf,A7 3.T2 Negative Exponents with Variable Bases - Question Bank.pdf,a7/packages/A7 Unit 3 - Exponents and Scientific Notation/Lessons/3.T2/A7 3.T2 Negative Exponents with Variable Bases - Question Bank.pdf
a7/packages/A7 Unit 3 - Exponents and Scientific Notation/PDFs/Slides/A7 3  Unit Slides.pdf,A7 3  Unit Slides.pdf,A7 Unit 3 Exponents and Scientific Notation - All Slides.pdf,a7/packages/A7 Unit 3 - Exponents and Scientific Notation/All Slides/A7 Unit 3 Exponents and Scientific Notation - All Slides.pdf
a7/packages/A7 Unit 3 - Exponents and Scientific Notation/PDFs/Slides/A7 3.01  Slides.pdf,A7 3.01  Slides.pdf,A7 3.01 Product Laws of Exponents - Slides.pdf,a7/packages/A7 Unit 3 - Exponents and Scientific Notation/Lessons/3.01/A7 3.01 Product Laws of Exponents - Slides.pdf
a7/packages/A7 Unit 3 - Exponents and Scientific Notation/PDFs/Slides/A7 3.02  Slides.pdf,A7 3.02  Slides.pdf,A7 3.02 Quotient Laws of Exponents - Slides.pdf,a7/packages/A7 Unit 3 - Exponents and Scientific Notation/Lessons/3.02/A7 3.02 Quotient Laws of Exponents - Slides.pdf
a7/packages/A7 Unit 3 - Exponents and Scientific Notation/PDFs/Slides/A7 3.03  Slides.pdf,A7 3.03  Slides.pdf,A7 3.03 Exponential Expressions - Slides.pdf,a7/packages/A7 Unit 3 - Exponents and Scientific Notation/Lessons/3.03/A7 3.03 Exponential Expressions - Slides.pdf
a7/packages/A7 Unit 3 - Exponents and Scientific Notation/PDFs/Slides/A7 3.04  Slides.pdf,A7 3.04  Slides.pdf,A7 3.04 Negative Exponent Law - Slides.pdf,a7/packages/A7 Unit 3 - Exponents and Scientific Notation/Lessons/3.04/A7 3.04 Negative Exponent Law - Slides.pdf
a7/packages/A7 Unit 3 - Exponents and Scientific Notation/PDFs/Slides/A7 3.05  Slides.pdf,A7 3.05  Slides.pdf,A7 3.05 Applying Exponent Laws - Slides.pdf,a7/packages/A7 Unit 3 - Exponents and Scientific Notation/Lessons/3.05/A7 3.05 Applying Exponent Laws - Slides.pdf
a7/packages/A7 Unit 3 - Exponents and Scientific Notation/PDFs/Slides/A7 3.06  Slides.pdf,A7 3.06  Slides.pdf,A7 3.06 Evaluating and Equivalent Expressions - Slides.pdf,a7/packages/A7 Unit 3 - Exponents and Scientific Notation/Lessons/3.06/A7 3.06 Evaluating and Equivalent Expressions - Slides.pdf
a7/packages/A7 Unit 3 - Exponents and Scientific Notation/PDFs/Slides/A7 3.08  Slides.pdf,A7 3.08  Slides.pdf,A7 3.08 Writing Large Numbers in Scientific Notation - Slides.pdf,a7/packages/A7 Unit 3 - Exponents and Scientific Notation/Lessons/3.08/A7 3.08 Writing Large Numbers in Scientific Notation - Slides.pdf
a7/packages/A7 Unit 3 - Exponents and Scientific Notation/PDFs/Slides/A7 3.09  Slides.pdf,A7 3.09  Slides.pdf,A7 3.09 Writing Small Numbers in Scientific Notation - Slides.pdf,a7/packages/A7 Unit 3 - Exponents and Scientific Notation/Lessons/3.09/A7 3.09 Writing Small Numbers in Scientific Notation - Slides.pdf
a7/packages/A7 Unit 3 - Exponents and Scientific Notation/PDFs/Slides/A7 3.T1  Slides.pdf,A7 3.T1  Slides.pdf,A7 3.T1 Exponent Laws with Variable Bases - Slides.pdf,a7/packages/A7 Unit 3 - Exponents and Scientific Notation/Lessons/3.T1/A7 3.T1 Exponent Laws with Variable Bases - Slides.pdf
a7/packages/A7 Unit 3 - Exponents and Scientific Notation/PDFs/Slides/A7 3.T2  Slides.pdf,A7 3.T2  Slides.pdf,A7 3.T2 Negative Exponents with Variable Bases - Slides.pdf,a7/packages/A7 Unit 3 - Exponents and Scientific Notation/Lessons/3.T2/A7 3.T2 Negative Exponents with Variable Bases - Slides.pdf
a7/packages/A7 Unit 3 - Exponents and Scientific Notation/PDFs/Teacher Editions/A7 3.01  Teacher Edition.pdf,A7 3.01  Teacher Edition.pdf,A7 3.01 Product Laws of Exponents - Teacher Edition.pdf,a7/packages/A7 Unit 3 - Exponents and Scientific Notation/Lessons/3.01/A7 3.01 Product Laws of Exponents - Teacher Edition.pdf
a7/packages/A7 Unit 3 - Exponents and Scientific Notation/PDFs/Teacher Editions/A7 3.02  Teacher Edition.pdf,A7 3.02  Teacher Edition.pdf,A7 3.02 Quotient Laws of Exponents - Teacher Edition.pdf,a7/packages/A7 Unit 3 - Exponents and Scientific Notation/Lessons/3.02/A7 3.02 Quotient Laws of Exponents - Teacher Edition.pdf
a7/packages/A7 Unit 3 - Exponents and Scientific Notation/PDFs/Teacher Editions/A7 3.03  Teacher Edition.pdf,A7 3.03  Teacher Edition.pdf,A7 3.03 Exponential Expressions - Teacher Edition.pdf,a7/packages/A7 Unit 3 - Exponents and Scientific Notation/Lessons/3.03/A7 3.03 Exponential Expressions - Teacher Edition.pdf
a7/packages/A7 Unit 3 - Exponents and Scientific Notation/PDFs/Teacher Editions/A7 3.04  Teacher Edition.pdf,A7 3.04  Teacher Edition.pdf,A7 3.04 Negative Exponent Law - Teacher Edition.pdf,a7/packages/A7 Unit 3 - Exponents and Scientific Notation/Lessons/3.04/A7 3.04 Negative Exponent Law - Teacher Edition.pdf
a7/packages/A7 Unit 3 - Exponents and Scientific Notation/PDFs/Teacher Editions/A7 3.05  Teacher Edition.pdf,A7 3.05  Teacher Edition.pdf,A7 3.05 Applying Exponent Laws - Teacher Edition.pdf,a7/packages/A7 Unit 3 - Exponents and Scientific Notation/Lessons/3.05/A7 3.05 Applying Exponent Laws - Teacher Edition.pdf
a7/packages/A7 Unit 3 - Exponents and Scientific Notation/PDFs/Teacher Editions/A7 3.06  Teacher Edition.pdf,A7 3.06  Teacher Edition.pdf,A7 3.06 Evaluating and Equivalent Expressions - Teacher Edition.pdf,a7/packages/A7 Unit 3 - Exponents and Scientific Notation/Lessons/3.06/A7 3.06 Evaluating and Equivalent Expressions - Teacher Edition.pdf
a7/packages/A7 Unit 3 - Exponents and Scientific Notation/PDFs/Teacher Editions/A7 3.08  Teacher Edition.pdf,A7 3.08  Teacher Edition.pdf,A7 3.08 Writing Large Numbers in Scientific Notation - Teacher Edition.pdf,a7/packages/A7 Unit 3 - Exponents and Scientific Notation/Lessons/3.08/A7 3.08 Writing Large Numbers in Scientific Notation - Teacher Edition.pdf
a7/packages/A7 Unit 3 - Exponents and Scientific Notation/PDFs/Teacher Editions/A7 3.09  Teacher Edition.pdf,A7 3.09  Teacher Edition.pdf,A7 3.09 Writing Small Numbers in Scientific Notation - Teacher Edition.pdf,a7/packages/A7 Unit 3 - Exponents and Scientific Notation/Lessons/3.09/A7 3.09 Writing Small Numbers in Scientific Notation - Teacher Edition.pdf
a7/packages/A7 Unit 3 - Exponents and Scientific Notation/PDFs/Teacher Editions/A7 3.T1  Teacher Edition.pdf,A7 3.T1  Teacher Edition.pdf,A7 3.T1 Exponent Laws with Variable Bases - Teacher Edition.pdf,a7/packages/A7 Unit 3 - Exponents and Scientific Notation/Lessons/3.T1/A7 3.T1 Exponent Laws with Variable Bases - Teacher Edition.pdf
a7/packages/A7 Unit 3 - Exponents and Scientific Notation/PDFs/Teacher Editions/A7 3.T2  Teacher Edition.pdf,A7 3.T2  Teacher Edition.pdf,A7 3.T2 Negative Exponents with Variable Bases - Teacher Edition.pdf,a7/packages/A7 Unit 3 - Exponents and Scientific Notation/Lessons/3.T2/A7 3.T2 Negative Exponents with Variable Bases - Teacher Edition.pdf
a7/packages/A7 Unit 3 - Exponents and Scientific Notation/Question Banks/A7 3.01  Question Bank - Additional.docx,A7 3.01  Question Bank - Additional.docx,A7 3.01 Product Laws of Exponents - Additional Question Bank.docx,a7/packages/A7 Unit 3 - Exponents and Scientific Notation/Lessons/3.01/A7 3.01 Product Laws of Exponents - Additional Question Bank.docx
a7/packages/A7 Unit 3 - Exponents and Scientific Notation/Question Banks/A7 3.01  Question Bank.docx,A7 3.01  Question Bank.docx,A7 3.01 Product Laws of Exponents - Question Bank.docx,a7/packages/A7 Unit 3 - Exponents and Scientific Notation/Lessons/3.01/A7 3.01 Product Laws of Exponents - Question Bank.docx
a7/packages/A7 Unit 3 - Exponents and Scientific Notation/Question Banks/A7 3.02  Question Bank - Additional.docx,A7 3.02  Question Bank - Additional.docx,A7 3.02 Quotient Laws of Exponents - Additional Question Bank.docx,a7/packages/A7 Unit 3 - Exponents and Scientific Notation/Lessons/3.02/A7 3.02 Quotient Laws of Exponents - Additional Question Bank.docx
a7/packages/A7 Unit 3 - Exponents and Scientific Notation/Question Banks/A7 3.02  Question Bank.docx,A7 3.02  Question Bank.docx,A7 3.02 Quotient Laws of Exponents - Question Bank.docx,a7/packages/A7 Unit 3 - Exponents and Scientific Notation/Lessons/3.02/A7 3.02 Quotient Laws of Exponents - Question Bank.docx
a7/packages/A7 Unit 3 - Exponents and Scientific Notation/Question Banks/A7 3.03  Question Bank - Additional.docx,A7 3.03  Question Bank - Additional.docx,A7 3.03 Exponential Expressions - Additional Question Bank.docx,a7/packages/A7 Unit 3 - Exponents and Scientific Notation/Lessons/3.03/A7 3.03 Exponential Expressions - Additional Question Bank.docx
a7/packages/A7 Unit 3 - Exponents and Scientific Notation/Question Banks/A7 3.03  Question Bank.docx,A7 3.03  Question Bank.docx,A7 3.03 Exponential Expressions - Question Bank.docx,a7/packages/A7 Unit 3 - Exponents and Scientific Notation/Lessons/3.03/A7 3.03 Exponential Expressions - Question Bank.docx
a7/packages/A7 Unit 3 - Exponents and Scientific Notation/Question Banks/A7 3.04  Question Bank - Additional.docx,A7 3.04  Question Bank - Additional.docx,A7 3.04 Negative Exponent Law - Additional Question Bank.docx,a7/packages/A7 Unit 3 - Exponents and Scientific Notation/Lessons/3.04/A7 3.04 Negative Exponent Law - Additional Question Bank.docx
a7/packages/A7 Unit 3 - Exponents and Scientific Notation/Question Banks/A7 3.04  Question Bank.docx,A7 3.04  Question Bank.docx,A7 3.04 Negative Exponent Law - Question Bank.docx,a7/packages/A7 Unit 3 - Exponents and Scientific Notation/Lessons/3.04/A7 3.04 Negative Exponent Law - Question Bank.docx
a7/packages/A7 Unit 3 - Exponents and Scientific Notation/Question Banks/A7 3.05  Question Bank - Additional.docx,A7 3.05  Question Bank - Additional.docx,A7 3.05 Applying Exponent Laws - Additional Question Bank.docx,a7/packages/A7 Unit 3 - Exponents and Scientific Notation/Lessons/3.05/A7 3.05 Applying Exponent Laws - Additional Question Bank.docx
a7/packages/A7 Unit 3 - Exponents and Scientific Notation/Question Banks/A7 3.05  Question Bank.docx,A7 3.05  Question Bank.docx,A7 3.05 Applying Exponent Laws - Question Bank.docx,a7/packages/A7 Unit 3 - Exponents and Scientific Notation/Lessons/3.05/A7 3.05 Applying Exponent Laws - Question Bank.docx
a7/packages/A7 Unit 3 - Exponents and Scientific Notation/Question Banks/A7 3.06  Question Bank - Additional.docx,A7 3.06  Question Bank - Additional.docx,A7 3.06 Evaluating and Equivalent Expressions - Additional Question Bank.docx,a7/packages/A7 Unit 3 - Exponents and Scientific Notation/Lessons/3.06/A7 3.06 Evaluating and Equivalent Expressions - Additional Question Bank.docx
a7/packages/A7 Unit 3 - Exponents and Scientific Notation/Question Banks/A7 3.06  Question Bank.docx,A7 3.06  Question Bank.docx,A7 3.06 Evaluating and Equivalent Expressions - Question Bank.docx,a7/packages/A7 Unit 3 - Exponents and Scientific Notation/Lessons/3.06/A7 3.06 Evaluating and Equivalent Expressions - Question Bank.docx
a7/packages/A7 Unit 3 - Exponents and Scientific Notation/Question Banks/A7 3.08  Question Bank - Additional.docx,A7 3.08  Question Bank - Additional.docx,A7 3.08 Writing Large Numbers in Scientific Notation - Additional Question Bank.docx,a7/packages/A7 Unit 3 - Exponents and Scientific Notation/Lessons/3.08/A7 3.08 Writing Large Numbers in Scientific Notation - Additional Question Bank.docx
a7/packages/A7 Unit 3 - Exponents and Scientific Notation/Question Banks/A7 3.08  Question Bank.docx,A7 3.08  Question Bank.docx,A7 3.08 Writing Large Numbers in Scientific Notation - Question Bank.docx,a7/packages/A7 Unit 3 - Exponents and Scientific Notation/Lessons/3.08/A7 3.08 Writing Large Numbers in Scientific Notation - Question Bank.docx
a7/packages/A7 Unit 3 - Exponents and Scientific Notation/Question Banks/A7 3.09  Question Bank - Additional.docx,A7 3.09  Question Bank - Additional.docx,A7 3.09 Writing Small Numbers in Scientific Notation - Additional Question Bank.docx,a7/packages/A7 Unit 3 - Exponents and Scientific Notation/Lessons/3.09/A7 3.09 Writing Small Numbers in Scientific Notation - Additional Question Bank.docx
a7/packages/A7 Unit 3 - Exponents and Scientific Notation/Question Banks/A7 3.09  Question Bank.docx,A7 3.09  Question Bank.docx,A7 3.09 Writing Small Numbers in Scientific Notation - Question Bank.docx,a7/packages/A7 Unit 3 - Exponents and Scientific Notation/Lessons/3.09/A7 3.09 Writing Small Numbers in Scientific Notation - Question Bank.docx
a7/packages/A7 Unit 3 - Exponents and Scientific Notation/Question Banks/A7 3.T1  Question Bank - Additional.docx,A7 3.T1  Question Bank - Additional.docx,A7 3.T1 Exponent Laws with Variable Bases - Additional Question Bank.docx,a7/packages/A7 Unit 3 - Exponents and Scientific Notation/Lessons/3.T1/A7 3.T1 Exponent Laws with Variable Bases - Additional Question Bank.docx
a7/packages/A7 Unit 3 - Exponents and Scientific Notation/Question Banks/A7 3.T1  Question Bank.docx,A7 3.T1  Question Bank.docx,A7 3.T1 Exponent Laws with Variable Bases - Question Bank.docx,a7/packages/A7 Unit 3 - Exponents and Scientific Notation/Lessons/3.T1/A7 3.T1 Exponent Laws with Variable Bases - Question Bank.docx
a7/packages/A7 Unit 3 - Exponents and Scientific Notation/Question Banks/A7 3.T2  Question Bank - Additional.docx,A7 3.T2  Question Bank - Additional.docx,A7 3.T2 Negative Exponents with Variable Bases - Additional Question Bank.docx,a7/packages/A7 Unit 3 - Exponents and Scientific Notation/Lessons/3.T2/A7 3.T2 Negative Exponents with Variable Bases - Additional Question Bank.docx
a7/packages/A7 Unit 3 - Exponents and Scientific Notation/Question Banks/A7 3.T2  Question Bank.docx,A7 3.T2  Question Bank.docx,A7 3.T2 Negative Exponents with Variable Bases - Question Bank.docx,a7/packages/A7 Unit 3 - Exponents and Scientific Notation/Lessons/3.T2/A7 3.T2 Negative Exponents with Variable Bases - Question Bank.docx
a7/packages/A7 Unit 3 - Exponents and Scientific Notation/Reference/A7 IXL DUE DATES 2026-27.md,A7 IXL DUE DATES 2026-27.md,A7 IXL Due Dates 2026-27.md,a7/packages/A7 Unit 3 - Exponents and Scientific Notation/Reference/A7 IXL Due Dates 2026-27.md
a7/packages/A7 Unit 3 - Exponents and Scientific Notation/Reference/A7 SCOPE AND SEQUENCE 2026-27.md,A7 SCOPE AND SEQUENCE 2026-27.md,A7 Scope and Sequence 2026-27.md,a7/packages/A7 Unit 3 - Exponents and Scientific Notation/Reference/A7 Scope and Sequence 2026-27.md
a7/packages/A7 Unit 3 - Exponents and Scientific Notation/Reference/BANK - Unit 3.md,BANK - Unit 3.md,A7 Unit 3 Exponents and Scientific Notation - Question Bank.md,a7/packages/A7 Unit 3 - Exponents and Scientific Notation/Reference/A7 Unit 3 Exponents and Scientific Notation - Question Bank.md
a7/packages/A7 Unit 3 - Exponents and Scientific Notation/Reference/Florida BEST Grade 8 - Source of Truth.md,Florida BEST Grade 8 - Source of Truth.md,Florida BEST Grade 8 - Source of Truth.md,a7/packages/A7 Unit 3 - Exponents and Scientific Notation/Reference/Florida BEST Grade 8 - Source of Truth.md
a7/packages/A7 Unit 3 - Exponents and Scientific Notation/Reference/UNIT 3 AUDIT - Math Nation package.md,UNIT 3 AUDIT - Math Nation package.md,A7 Unit 3 Exponents and Scientific Notation - Audit.md,a7/packages/A7 Unit 3 - Exponents and Scientific Notation/Reference/A7 Unit 3 Exponents and Scientific Notation - Audit.md
a7/packages/A7 Unit 3 - Exponents and Scientific Notation/Slides/A7 3  Unit Slides.html,A7 3  Unit Slides.html,A7 Unit 3 Exponents and Scientific Notation - All Slides.html,a7/packages/A7 Unit 3 - Exponents and Scientific Notation/All Slides/A7 Unit 3 Exponents and Scientific Notation - All Slides.html
a7/packages/A7 Unit 3 - Exponents and Scientific Notation/Slides/A7 3  Unit Slides.pptx,A7 3  Unit Slides.pptx,A7 Unit 3 Exponents and Scientific Notation - All Slides.pptx,a7/packages/A7 Unit 3 - Exponents and Scientific Notation/All Slides/A7 Unit 3 Exponents and Scientific Notation - All Slides.pptx
a7/packages/A7 Unit 3 - Exponents and Scientific Notation/Slides/A7 3.01  Slides.html,A7 3.01  Slides.html,A7 3.01 Product Laws of Exponents - Slides.html,a7/packages/A7 Unit 3 - Exponents and Scientific Notation/Lessons/3.01/A7 3.01 Product Laws of Exponents - Slides.html
a7/packages/A7 Unit 3 - Exponents and Scientific Notation/Slides/A7 3.01  Slides.pptx,A7 3.01  Slides.pptx,A7 3.01 Product Laws of Exponents - Slides.pptx,a7/packages/A7 Unit 3 - Exponents and Scientific Notation/Lessons/3.01/A7 3.01 Product Laws of Exponents - Slides.pptx
a7/packages/A7 Unit 3 - Exponents and Scientific Notation/Slides/A7 3.02  Slides.html,A7 3.02  Slides.html,A7 3.02 Quotient Laws of Exponents - Slides.html,a7/packages/A7 Unit 3 - Exponents and Scientific Notation/Lessons/3.02/A7 3.02 Quotient Laws of Exponents - Slides.html
a7/packages/A7 Unit 3 - Exponents and Scientific Notation/Slides/A7 3.02  Slides.pptx,A7 3.02  Slides.pptx,A7 3.02 Quotient Laws of Exponents - Slides.pptx,a7/packages/A7 Unit 3 - Exponents and Scientific Notation/Lessons/3.02/A7 3.02 Quotient Laws of Exponents - Slides.pptx
a7/packages/A7 Unit 3 - Exponents and Scientific Notation/Slides/A7 3.03  Slides.html,A7 3.03  Slides.html,A7 3.03 Exponential Expressions - Slides.html,a7/packages/A7 Unit 3 - Exponents and Scientific Notation/Lessons/3.03/A7 3.03 Exponential Expressions - Slides.html
a7/packages/A7 Unit 3 - Exponents and Scientific Notation/Slides/A7 3.03  Slides.pptx,A7 3.03  Slides.pptx,A7 3.03 Exponential Expressions - Slides.pptx,a7/packages/A7 Unit 3 - Exponents and Scientific Notation/Lessons/3.03/A7 3.03 Exponential Expressions - Slides.pptx
a7/packages/A7 Unit 3 - Exponents and Scientific Notation/Slides/A7 3.04  Slides.html,A7 3.04  Slides.html,A7 3.04 Negative Exponent Law - Slides.html,a7/packages/A7 Unit 3 - Exponents and Scientific Notation/Lessons/3.04/A7 3.04 Negative Exponent Law - Slides.html
a7/packages/A7 Unit 3 - Exponents and Scientific Notation/Slides/A7 3.04  Slides.pptx,A7 3.04  Slides.pptx,A7 3.04 Negative Exponent Law - Slides.pptx,a7/packages/A7 Unit 3 - Exponents and Scientific Notation/Lessons/3.04/A7 3.04 Negative Exponent Law - Slides.pptx
a7/packages/A7 Unit 3 - Exponents and Scientific Notation/Slides/A7 3.05  Slides.html,A7 3.05  Slides.html,A7 3.05 Applying Exponent Laws - Slides.html,a7/packages/A7 Unit 3 - Exponents and Scientific Notation/Lessons/3.05/A7 3.05 Applying Exponent Laws - Slides.html
a7/packages/A7 Unit 3 - Exponents and Scientific Notation/Slides/A7 3.05  Slides.pptx,A7 3.05  Slides.pptx,A7 3.05 Applying Exponent Laws - Slides.pptx,a7/packages/A7 Unit 3 - Exponents and Scientific Notation/Lessons/3.05/A7 3.05 Applying Exponent Laws - Slides.pptx
a7/packages/A7 Unit 3 - Exponents and Scientific Notation/Slides/A7 3.06  Slides.html,A7 3.06  Slides.html,A7 3.06 Evaluating and Equivalent Expressions - Slides.html,a7/packages/A7 Unit 3 - Exponents and Scientific Notation/Lessons/3.06/A7 3.06 Evaluating and Equivalent Expressions - Slides.html
a7/packages/A7 Unit 3 - Exponents and Scientific Notation/Slides/A7 3.06  Slides.pptx,A7 3.06  Slides.pptx,A7 3.06 Evaluating and Equivalent Expressions - Slides.pptx,a7/packages/A7 Unit 3 - Exponents and Scientific Notation/Lessons/3.06/A7 3.06 Evaluating and Equivalent Expressions - Slides.pptx
a7/packages/A7 Unit 3 - Exponents and Scientific Notation/Slides/A7 3.08  Slides.html,A7 3.08  Slides.html,A7 3.08 Writing Large Numbers in Scientific Notation - Slides.html,a7/packages/A7 Unit 3 - Exponents and Scientific Notation/Lessons/3.08/A7 3.08 Writing Large Numbers in Scientific Notation - Slides.html
a7/packages/A7 Unit 3 - Exponents and Scientific Notation/Slides/A7 3.08  Slides.pptx,A7 3.08  Slides.pptx,A7 3.08 Writing Large Numbers in Scientific Notation - Slides.pptx,a7/packages/A7 Unit 3 - Exponents and Scientific Notation/Lessons/3.08/A7 3.08 Writing Large Numbers in Scientific Notation - Slides.pptx
a7/packages/A7 Unit 3 - Exponents and Scientific Notation/Slides/A7 3.09  Slides.html,A7 3.09  Slides.html,A7 3.09 Writing Small Numbers in Scientific Notation - Slides.html,a7/packages/A7 Unit 3 - Exponents and Scientific Notation/Lessons/3.09/A7 3.09 Writing Small Numbers in Scientific Notation - Slides.html
a7/packages/A7 Unit 3 - Exponents and Scientific Notation/Slides/A7 3.09  Slides.pptx,A7 3.09  Slides.pptx,A7 3.09 Writing Small Numbers in Scientific Notation - Slides.pptx,a7/packages/A7 Unit 3 - Exponents and Scientific Notation/Lessons/3.09/A7 3.09 Writing Small Numbers in Scientific Notation - Slides.pptx
a7/packages/A7 Unit 3 - Exponents and Scientific Notation/Slides/A7 3.T1  Slides.html,A7 3.T1  Slides.html,A7 3.T1 Exponent Laws with Variable Bases - Slides.html,a7/packages/A7 Unit 3 - Exponents and Scientific Notation/Lessons/3.T1/A7 3.T1 Exponent Laws with Variable Bases - Slides.html
a7/packages/A7 Unit 3 - Exponents and Scientific Notation/Slides/A7 3.T1  Slides.pptx,A7 3.T1  Slides.pptx,A7 3.T1 Exponent Laws with Variable Bases - Slides.pptx,a7/packages/A7 Unit 3 - Exponents and Scientific Notation/Lessons/3.T1/A7 3.T1 Exponent Laws with Variable Bases - Slides.pptx
a7/packages/A7 Unit 3 - Exponents and Scientific Notation/Slides/A7 3.T2  Slides.html,A7 3.T2  Slides.html,A7 3.T2 Negative Exponents with Variable Bases - Slides.html,a7/packages/A7 Unit 3 - Exponents and Scientific Notation/Lessons/3.T2/A7 3.T2 Negative Exponents with Variable Bases - Slides.html
a7/packages/A7 Unit 3 - Exponents and Scientific Notation/Slides/A7 3.T2  Slides.pptx,A7 3.T2  Slides.pptx,A7 3.T2 Negative Exponents with Variable Bases - Slides.pptx,a7/packages/A7 Unit 3 - Exponents and Scientific Notation/Lessons/3.T2/A7 3.T2 Negative Exponents with Variable Bases - Slides.pptx
a7/packages/A7 Unit 3 - Exponents and Scientific Notation/Teacher Editions/A7 3.01  Teacher Edition.docx,A7 3.01  Teacher Edition.docx,A7 3.01 Product Laws of Exponents - Teacher Edition.docx,a7/packages/A7 Unit 3 - Exponents and Scientific Notation/Lessons/3.01/A7 3.01 Product Laws of Exponents - Teacher Edition.docx
a7/packages/A7 Unit 3 - Exponents and Scientific Notation/Teacher Editions/A7 3.02  Teacher Edition.docx,A7 3.02  Teacher Edition.docx,A7 3.02 Quotient Laws of Exponents - Teacher Edition.docx,a7/packages/A7 Unit 3 - Exponents and Scientific Notation/Lessons/3.02/A7 3.02 Quotient Laws of Exponents - Teacher Edition.docx
a7/packages/A7 Unit 3 - Exponents and Scientific Notation/Teacher Editions/A7 3.03  Teacher Edition.docx,A7 3.03  Teacher Edition.docx,A7 3.03 Exponential Expressions - Teacher Edition.docx,a7/packages/A7 Unit 3 - Exponents and Scientific Notation/Lessons/3.03/A7 3.03 Exponential Expressions - Teacher Edition.docx
a7/packages/A7 Unit 3 - Exponents and Scientific Notation/Teacher Editions/A7 3.04  Teacher Edition.docx,A7 3.04  Teacher Edition.docx,A7 3.04 Negative Exponent Law - Teacher Edition.docx,a7/packages/A7 Unit 3 - Exponents and Scientific Notation/Lessons/3.04/A7 3.04 Negative Exponent Law - Teacher Edition.docx
a7/packages/A7 Unit 3 - Exponents and Scientific Notation/Teacher Editions/A7 3.05  Teacher Edition.docx,A7 3.05  Teacher Edition.docx,A7 3.05 Applying Exponent Laws - Teacher Edition.docx,a7/packages/A7 Unit 3 - Exponents and Scientific Notation/Lessons/3.05/A7 3.05 Applying Exponent Laws - Teacher Edition.docx
a7/packages/A7 Unit 3 - Exponents and Scientific Notation/Teacher Editions/A7 3.06  Teacher Edition.docx,A7 3.06  Teacher Edition.docx,A7 3.06 Evaluating and Equivalent Expressions - Teacher Edition.docx,a7/packages/A7 Unit 3 - Exponents and Scientific Notation/Lessons/3.06/A7 3.06 Evaluating and Equivalent Expressions - Teacher Edition.docx
a7/packages/A7 Unit 3 - Exponents and Scientific Notation/Teacher Editions/A7 3.08  Teacher Edition.docx,A7 3.08  Teacher Edition.docx,A7 3.08 Writing Large Numbers in Scientific Notation - Teacher Edition.docx,a7/packages/A7 Unit 3 - Exponents and Scientific Notation/Lessons/3.08/A7 3.08 Writing Large Numbers in Scientific Notation - Teacher Edition.docx
a7/packages/A7 Unit 3 - Exponents and Scientific Notation/Teacher Editions/A7 3.09  Teacher Edition.docx,A7 3.09  Teacher Edition.docx,A7 3.09 Writing Small Numbers in Scientific Notation - Teacher Edition.docx,a7/packages/A7 Unit 3 - Exponents and Scientific Notation/Lessons/3.09/A7 3.09 Writing Small Numbers in Scientific Notation - Teacher Edition.docx
a7/packages/A7 Unit 3 - Exponents and Scientific Notation/Teacher Editions/A7 3.T1  Teacher Edition.docx,A7 3.T1  Teacher Edition.docx,A7 3.T1 Exponent Laws with Variable Bases - Teacher Edition.docx,a7/packages/A7 Unit 3 - Exponents and Scientific Notation/Lessons/3.T1/A7 3.T1 Exponent Laws with Variable Bases - Teacher Edition.docx
a7/packages/A7 Unit 3 - Exponents and Scientific Notation/Teacher Editions/A7 3.T2  Teacher Edition.docx,A7 3.T2  Teacher Edition.docx,A7 3.T2 Negative Exponents with Variable Bases - Teacher Edition.docx,a7/packages/A7 Unit 3 - Exponents and Scientific Notation/Lessons/3.T2/A7 3.T2 Negative Exponents with Variable Bases - Teacher Edition.docx
a7/packages/A7 Unit 4 - Solving Problems with Rational Numbers/Answer Keys/A7 4  Unit Assessment Key.docx,A7 4  Unit Assessment Key.docx,A7 Unit 4 Solving Problems with Rational Numbers - Test - Key.docx,a7/packages/A7 Unit 4 - Solving Problems with Rational Numbers/Assessment/A7 Unit 4 Solving Problems with Rational Numbers - Test - Key.docx
a7/packages/A7 Unit 4 - Solving Problems with Rational Numbers/Answer Keys/A7 4  Unit Review Key.docx,A7 4  Unit Review Key.docx,A7 Unit 4 Solving Problems with Rational Numbers - Review - Key.docx,a7/packages/A7 Unit 4 - Solving Problems with Rational Numbers/Review/A7 Unit 4 Solving Problems with Rational Numbers - Review - Key.docx
a7/packages/A7 Unit 4 - Solving Problems with Rational Numbers/Answer Keys/A7 4.01  Independent Set Key.docx,A7 4.01  Independent Set Key.docx,A7 4.01 Adding and Subtracting in Scientific Notation - Independent Set - Key.docx,a7/packages/A7 Unit 4 - Solving Problems with Rational Numbers/Lessons/4.01/Keys/A7 4.01 Adding and Subtracting in Scientific Notation - Independent Set - Key.docx
a7/packages/A7 Unit 4 - Solving Problems with Rational Numbers/Answer Keys/A7 4.01  Question Bank - Additional Key.docx,A7 4.01  Question Bank - Additional Key.docx,A7 4.01 Adding and Subtracting in Scientific Notation - Additional Question Bank - Key.docx,a7/packages/A7 Unit 4 - Solving Problems with Rational Numbers/Lessons/4.01/Keys/A7 4.01 Adding and Subtracting in Scientific Notation - Additional Question Bank - Key.docx
a7/packages/A7 Unit 4 - Solving Problems with Rational Numbers/Answer Keys/A7 4.01  Question Bank Key.docx,A7 4.01  Question Bank Key.docx,A7 4.01 Adding and Subtracting in Scientific Notation - Question Bank - Key.docx,a7/packages/A7 Unit 4 - Solving Problems with Rational Numbers/Lessons/4.01/Keys/A7 4.01 Adding and Subtracting in Scientific Notation - Question Bank - Key.docx
a7/packages/A7 Unit 4 - Solving Problems with Rational Numbers/Answer Keys/A7 4.02  Independent Set Key.docx,A7 4.02  Independent Set Key.docx,A7 4.02 Multiplying and Dividing in Scientific Notation - Independent Set - Key.docx,a7/packages/A7 Unit 4 - Solving Problems with Rational Numbers/Lessons/4.02/Keys/A7 4.02 Multiplying and Dividing in Scientific Notation - Independent Set - Key.docx
a7/packages/A7 Unit 4 - Solving Problems with Rational Numbers/Answer Keys/A7 4.02  Question Bank - Additional Key.docx,A7 4.02  Question Bank - Additional Key.docx,A7 4.02 Multiplying and Dividing in Scientific Notation - Additional Question Bank - Key.docx,a7/packages/A7 Unit 4 - Solving Problems with Rational Numbers/Lessons/4.02/Keys/A7 4.02 Multiplying and Dividing in Scientific Notation - Additional Question Bank - Key.docx
a7/packages/A7 Unit 4 - Solving Problems with Rational Numbers/Answer Keys/A7 4.02  Question Bank Key.docx,A7 4.02  Question Bank Key.docx,A7 4.02 Multiplying and Dividing in Scientific Notation - Question Bank - Key.docx,a7/packages/A7 Unit 4 - Solving Problems with Rational Numbers/Lessons/4.02/Keys/A7 4.02 Multiplying and Dividing in Scientific Notation - Question Bank - Key.docx
a7/packages/A7 Unit 4 - Solving Problems with Rational Numbers/Answer Keys/A7 4.04  Independent Set Key.docx,A7 4.04  Independent Set Key.docx,A7 4.04 Real-World Problems and Significant Digits - Independent Set - Key.docx,a7/packages/A7 Unit 4 - Solving Problems with Rational Numbers/Lessons/4.04/Keys/A7 4.04 Real-World Problems and Significant Digits - Independent Set - Key.docx
a7/packages/A7 Unit 4 - Solving Problems with Rational Numbers/Answer Keys/A7 4.04  Question Bank - Additional Key.docx,A7 4.04  Question Bank - Additional Key.docx,A7 4.04 Real-World Problems and Significant Digits - Additional Question Bank - Key.docx,a7/packages/A7 Unit 4 - Solving Problems with Rational Numbers/Lessons/4.04/Keys/A7 4.04 Real-World Problems and Significant Digits - Additional Question Bank - Key.docx
a7/packages/A7 Unit 4 - Solving Problems with Rational Numbers/Answer Keys/A7 4.04  Question Bank Key.docx,A7 4.04  Question Bank Key.docx,A7 4.04 Real-World Problems and Significant Digits - Question Bank - Key.docx,a7/packages/A7 Unit 4 - Solving Problems with Rational Numbers/Lessons/4.04/Keys/A7 4.04 Real-World Problems and Significant Digits - Question Bank - Key.docx
a7/packages/A7 Unit 4 - Solving Problems with Rational Numbers/Answer Keys/A7 4.05  Independent Set Key.docx,A7 4.05  Independent Set Key.docx,A7 4.05 Evaluating Expressions with Radicals - Independent Set - Key.docx,a7/packages/A7 Unit 4 - Solving Problems with Rational Numbers/Lessons/4.05/Keys/A7 4.05 Evaluating Expressions with Radicals - Independent Set - Key.docx
a7/packages/A7 Unit 4 - Solving Problems with Rational Numbers/Answer Keys/A7 4.05  Question Bank - Additional Key.docx,A7 4.05  Question Bank - Additional Key.docx,A7 4.05 Evaluating Expressions with Radicals - Additional Question Bank - Key.docx,a7/packages/A7 Unit 4 - Solving Problems with Rational Numbers/Lessons/4.05/Keys/A7 4.05 Evaluating Expressions with Radicals - Additional Question Bank - Key.docx
a7/packages/A7 Unit 4 - Solving Problems with Rational Numbers/Answer Keys/A7 4.05  Question Bank Key.docx,A7 4.05  Question Bank Key.docx,A7 4.05 Evaluating Expressions with Radicals - Question Bank - Key.docx,a7/packages/A7 Unit 4 - Solving Problems with Rational Numbers/Lessons/4.05/Keys/A7 4.05 Evaluating Expressions with Radicals - Question Bank - Key.docx
a7/packages/A7 Unit 4 - Solving Problems with Rational Numbers/Answer Keys/A7 4.06  Independent Set Key.docx,A7 4.06  Independent Set Key.docx,A7 4.06 Order of Operations with Radicals - Independent Set - Key.docx,a7/packages/A7 Unit 4 - Solving Problems with Rational Numbers/Lessons/4.06/Keys/A7 4.06 Order of Operations with Radicals - Independent Set - Key.docx
a7/packages/A7 Unit 4 - Solving Problems with Rational Numbers/Answer Keys/A7 4.06  Question Bank - Additional Key.docx,A7 4.06  Question Bank - Additional Key.docx,A7 4.06 Order of Operations with Radicals - Additional Question Bank - Key.docx,a7/packages/A7 Unit 4 - Solving Problems with Rational Numbers/Lessons/4.06/Keys/A7 4.06 Order of Operations with Radicals - Additional Question Bank - Key.docx
a7/packages/A7 Unit 4 - Solving Problems with Rational Numbers/Answer Keys/A7 4.06  Question Bank Key.docx,A7 4.06  Question Bank Key.docx,A7 4.06 Order of Operations with Radicals - Question Bank - Key.docx,a7/packages/A7 Unit 4 - Solving Problems with Rational Numbers/Lessons/4.06/Keys/A7 4.06 Order of Operations with Radicals - Question Bank - Key.docx
a7/packages/A7 Unit 4 - Solving Problems with Rational Numbers/Answer Keys/A7 4.07  Independent Set Key.docx,A7 4.07  Independent Set Key.docx,A7 4.07 Real-World Order of Operations - Independent Set - Key.docx,a7/packages/A7 Unit 4 - Solving Problems with Rational Numbers/Lessons/4.07/Keys/A7 4.07 Real-World Order of Operations - Independent Set - Key.docx
a7/packages/A7 Unit 4 - Solving Problems with Rational Numbers/Answer Keys/A7 4.07  Question Bank - Additional Key.docx,A7 4.07  Question Bank - Additional Key.docx,A7 4.07 Real-World Order of Operations - Additional Question Bank - Key.docx,a7/packages/A7 Unit 4 - Solving Problems with Rational Numbers/Lessons/4.07/Keys/A7 4.07 Real-World Order of Operations - Additional Question Bank - Key.docx
a7/packages/A7 Unit 4 - Solving Problems with Rational Numbers/Answer Keys/A7 4.07  Question Bank Key.docx,A7 4.07  Question Bank Key.docx,A7 4.07 Real-World Order of Operations - Question Bank - Key.docx,a7/packages/A7 Unit 4 - Solving Problems with Rational Numbers/Lessons/4.07/Keys/A7 4.07 Real-World Order of Operations - Question Bank - Key.docx
a7/packages/A7 Unit 4 - Solving Problems with Rational Numbers/Assessments/A7 4  Unit Assessment.docx,A7 4  Unit Assessment.docx,A7 Unit 4 Solving Problems with Rational Numbers - Test.docx,a7/packages/A7 Unit 4 - Solving Problems with Rational Numbers/Assessment/A7 Unit 4 Solving Problems with Rational Numbers - Test.docx
a7/packages/A7 Unit 4 - Solving Problems with Rational Numbers/Assessments/A7 4  Unit Review.docx,A7 4  Unit Review.docx,A7 Unit 4 Solving Problems with Rational Numbers - Review.docx,a7/packages/A7 Unit 4 - Solving Problems with Rational Numbers/Review/A7 Unit 4 Solving Problems with Rational Numbers - Review.docx
a7/packages/A7 Unit 4 - Solving Problems with Rational Numbers/Handouts/A7 4  Reference Sheet.docx,A7 4  Reference Sheet.docx,A7 Unit 4 Solving Problems with Rational Numbers - Reference Sheet.docx,a7/packages/A7 Unit 4 - Solving Problems with Rational Numbers/Handouts/A7 Unit 4 Solving Problems with Rational Numbers - Reference Sheet.docx
a7/packages/A7 Unit 4 - Solving Problems with Rational Numbers/Independent Sets/A7 4.01  Independent Set.docx,A7 4.01  Independent Set.docx,A7 4.01 Adding and Subtracting in Scientific Notation - Independent Set.docx,a7/packages/A7 Unit 4 - Solving Problems with Rational Numbers/Lessons/4.01/A7 4.01 Adding and Subtracting in Scientific Notation - Independent Set.docx
a7/packages/A7 Unit 4 - Solving Problems with Rational Numbers/Independent Sets/A7 4.02  Independent Set.docx,A7 4.02  Independent Set.docx,A7 4.02 Multiplying and Dividing in Scientific Notation - Independent Set.docx,a7/packages/A7 Unit 4 - Solving Problems with Rational Numbers/Lessons/4.02/A7 4.02 Multiplying and Dividing in Scientific Notation - Independent Set.docx
a7/packages/A7 Unit 4 - Solving Problems with Rational Numbers/Independent Sets/A7 4.04  Independent Set.docx,A7 4.04  Independent Set.docx,A7 4.04 Real-World Problems and Significant Digits - Independent Set.docx,a7/packages/A7 Unit 4 - Solving Problems with Rational Numbers/Lessons/4.04/A7 4.04 Real-World Problems and Significant Digits - Independent Set.docx
a7/packages/A7 Unit 4 - Solving Problems with Rational Numbers/Independent Sets/A7 4.05  Independent Set.docx,A7 4.05  Independent Set.docx,A7 4.05 Evaluating Expressions with Radicals - Independent Set.docx,a7/packages/A7 Unit 4 - Solving Problems with Rational Numbers/Lessons/4.05/A7 4.05 Evaluating Expressions with Radicals - Independent Set.docx
a7/packages/A7 Unit 4 - Solving Problems with Rational Numbers/Independent Sets/A7 4.06  Independent Set.docx,A7 4.06  Independent Set.docx,A7 4.06 Order of Operations with Radicals - Independent Set.docx,a7/packages/A7 Unit 4 - Solving Problems with Rational Numbers/Lessons/4.06/A7 4.06 Order of Operations with Radicals - Independent Set.docx
a7/packages/A7 Unit 4 - Solving Problems with Rational Numbers/Independent Sets/A7 4.07  Independent Set.docx,A7 4.07  Independent Set.docx,A7 4.07 Real-World Order of Operations - Independent Set.docx,a7/packages/A7 Unit 4 - Solving Problems with Rational Numbers/Lessons/4.07/A7 4.07 Real-World Order of Operations - Independent Set.docx
a7/packages/A7 Unit 4 - Solving Problems with Rational Numbers/Lesson Plans/A7 4.01  Lesson Plan.docx,A7 4.01  Lesson Plan.docx,A7 4.01 Adding and Subtracting in Scientific Notation - Lesson Plan.docx,a7/packages/A7 Unit 4 - Solving Problems with Rational Numbers/Lessons/4.01/A7 4.01 Adding and Subtracting in Scientific Notation - Lesson Plan.docx
a7/packages/A7 Unit 4 - Solving Problems with Rational Numbers/Lesson Plans/A7 4.02  Lesson Plan.docx,A7 4.02  Lesson Plan.docx,A7 4.02 Multiplying and Dividing in Scientific Notation - Lesson Plan.docx,a7/packages/A7 Unit 4 - Solving Problems with Rational Numbers/Lessons/4.02/A7 4.02 Multiplying and Dividing in Scientific Notation - Lesson Plan.docx
a7/packages/A7 Unit 4 - Solving Problems with Rational Numbers/Lesson Plans/A7 4.04  Lesson Plan.docx,A7 4.04  Lesson Plan.docx,A7 4.04 Real-World Problems and Significant Digits - Lesson Plan.docx,a7/packages/A7 Unit 4 - Solving Problems with Rational Numbers/Lessons/4.04/A7 4.04 Real-World Problems and Significant Digits - Lesson Plan.docx
a7/packages/A7 Unit 4 - Solving Problems with Rational Numbers/Lesson Plans/A7 4.05  Lesson Plan.docx,A7 4.05  Lesson Plan.docx,A7 4.05 Evaluating Expressions with Radicals - Lesson Plan.docx,a7/packages/A7 Unit 4 - Solving Problems with Rational Numbers/Lessons/4.05/A7 4.05 Evaluating Expressions with Radicals - Lesson Plan.docx
a7/packages/A7 Unit 4 - Solving Problems with Rational Numbers/Lesson Plans/A7 4.06  Lesson Plan.docx,A7 4.06  Lesson Plan.docx,A7 4.06 Order of Operations with Radicals - Lesson Plan.docx,a7/packages/A7 Unit 4 - Solving Problems with Rational Numbers/Lessons/4.06/A7 4.06 Order of Operations with Radicals - Lesson Plan.docx
a7/packages/A7 Unit 4 - Solving Problems with Rational Numbers/Lesson Plans/A7 4.07  Lesson Plan.docx,A7 4.07  Lesson Plan.docx,A7 4.07 Real-World Order of Operations - Lesson Plan.docx,a7/packages/A7 Unit 4 - Solving Problems with Rational Numbers/Lessons/4.07/A7 4.07 Real-World Order of Operations - Lesson Plan.docx
a7/packages/A7 Unit 4 - Solving Problems with Rational Numbers/PDFs/Answer Keys/A7 4  Unit Assessment Key.pdf,A7 4  Unit Assessment Key.pdf,A7 Unit 4 Solving Problems with Rational Numbers - Test - Key.pdf,a7/packages/A7 Unit 4 - Solving Problems with Rational Numbers/Assessment/A7 Unit 4 Solving Problems with Rational Numbers - Test - Key.pdf
a7/packages/A7 Unit 4 - Solving Problems with Rational Numbers/PDFs/Answer Keys/A7 4  Unit Review Key.pdf,A7 4  Unit Review Key.pdf,A7 Unit 4 Solving Problems with Rational Numbers - Review - Key.pdf,a7/packages/A7 Unit 4 - Solving Problems with Rational Numbers/Review/A7 Unit 4 Solving Problems with Rational Numbers - Review - Key.pdf
a7/packages/A7 Unit 4 - Solving Problems with Rational Numbers/PDFs/Answer Keys/A7 4.01  Independent Set Key.pdf,A7 4.01  Independent Set Key.pdf,A7 4.01 Adding and Subtracting in Scientific Notation - Independent Set - Key.pdf,a7/packages/A7 Unit 4 - Solving Problems with Rational Numbers/Lessons/4.01/Keys/A7 4.01 Adding and Subtracting in Scientific Notation - Independent Set - Key.pdf
a7/packages/A7 Unit 4 - Solving Problems with Rational Numbers/PDFs/Answer Keys/A7 4.01  Question Bank - Additional Key.pdf,A7 4.01  Question Bank - Additional Key.pdf,A7 4.01 Adding and Subtracting in Scientific Notation - Additional Question Bank - Key.pdf,a7/packages/A7 Unit 4 - Solving Problems with Rational Numbers/Lessons/4.01/Keys/A7 4.01 Adding and Subtracting in Scientific Notation - Additional Question Bank - Key.pdf
a7/packages/A7 Unit 4 - Solving Problems with Rational Numbers/PDFs/Answer Keys/A7 4.01  Question Bank Key.pdf,A7 4.01  Question Bank Key.pdf,A7 4.01 Adding and Subtracting in Scientific Notation - Question Bank - Key.pdf,a7/packages/A7 Unit 4 - Solving Problems with Rational Numbers/Lessons/4.01/Keys/A7 4.01 Adding and Subtracting in Scientific Notation - Question Bank - Key.pdf
a7/packages/A7 Unit 4 - Solving Problems with Rational Numbers/PDFs/Answer Keys/A7 4.02  Independent Set Key.pdf,A7 4.02  Independent Set Key.pdf,A7 4.02 Multiplying and Dividing in Scientific Notation - Independent Set - Key.pdf,a7/packages/A7 Unit 4 - Solving Problems with Rational Numbers/Lessons/4.02/Keys/A7 4.02 Multiplying and Dividing in Scientific Notation - Independent Set - Key.pdf
a7/packages/A7 Unit 4 - Solving Problems with Rational Numbers/PDFs/Answer Keys/A7 4.02  Question Bank - Additional Key.pdf,A7 4.02  Question Bank - Additional Key.pdf,A7 4.02 Multiplying and Dividing in Scientific Notation - Additional Question Bank - Key.pdf,a7/packages/A7 Unit 4 - Solving Problems with Rational Numbers/Lessons/4.02/Keys/A7 4.02 Multiplying and Dividing in Scientific Notation - Additional Question Bank - Key.pdf
a7/packages/A7 Unit 4 - Solving Problems with Rational Numbers/PDFs/Answer Keys/A7 4.02  Question Bank Key.pdf,A7 4.02  Question Bank Key.pdf,A7 4.02 Multiplying and Dividing in Scientific Notation - Question Bank - Key.pdf,a7/packages/A7 Unit 4 - Solving Problems with Rational Numbers/Lessons/4.02/Keys/A7 4.02 Multiplying and Dividing in Scientific Notation - Question Bank - Key.pdf
a7/packages/A7 Unit 4 - Solving Problems with Rational Numbers/PDFs/Answer Keys/A7 4.04  Independent Set Key.pdf,A7 4.04  Independent Set Key.pdf,A7 4.04 Real-World Problems and Significant Digits - Independent Set - Key.pdf,a7/packages/A7 Unit 4 - Solving Problems with Rational Numbers/Lessons/4.04/Keys/A7 4.04 Real-World Problems and Significant Digits - Independent Set - Key.pdf
a7/packages/A7 Unit 4 - Solving Problems with Rational Numbers/PDFs/Answer Keys/A7 4.04  Question Bank - Additional Key.pdf,A7 4.04  Question Bank - Additional Key.pdf,A7 4.04 Real-World Problems and Significant Digits - Additional Question Bank - Key.pdf,a7/packages/A7 Unit 4 - Solving Problems with Rational Numbers/Lessons/4.04/Keys/A7 4.04 Real-World Problems and Significant Digits - Additional Question Bank - Key.pdf
a7/packages/A7 Unit 4 - Solving Problems with Rational Numbers/PDFs/Answer Keys/A7 4.04  Question Bank Key.pdf,A7 4.04  Question Bank Key.pdf,A7 4.04 Real-World Problems and Significant Digits - Question Bank - Key.pdf,a7/packages/A7 Unit 4 - Solving Problems with Rational Numbers/Lessons/4.04/Keys/A7 4.04 Real-World Problems and Significant Digits - Question Bank - Key.pdf
a7/packages/A7 Unit 4 - Solving Problems with Rational Numbers/PDFs/Answer Keys/A7 4.05  Independent Set Key.pdf,A7 4.05  Independent Set Key.pdf,A7 4.05 Evaluating Expressions with Radicals - Independent Set - Key.pdf,a7/packages/A7 Unit 4 - Solving Problems with Rational Numbers/Lessons/4.05/Keys/A7 4.05 Evaluating Expressions with Radicals - Independent Set - Key.pdf
a7/packages/A7 Unit 4 - Solving Problems with Rational Numbers/PDFs/Answer Keys/A7 4.05  Question Bank - Additional Key.pdf,A7 4.05  Question Bank - Additional Key.pdf,A7 4.05 Evaluating Expressions with Radicals - Additional Question Bank - Key.pdf,a7/packages/A7 Unit 4 - Solving Problems with Rational Numbers/Lessons/4.05/Keys/A7 4.05 Evaluating Expressions with Radicals - Additional Question Bank - Key.pdf
a7/packages/A7 Unit 4 - Solving Problems with Rational Numbers/PDFs/Answer Keys/A7 4.05  Question Bank Key.pdf,A7 4.05  Question Bank Key.pdf,A7 4.05 Evaluating Expressions with Radicals - Question Bank - Key.pdf,a7/packages/A7 Unit 4 - Solving Problems with Rational Numbers/Lessons/4.05/Keys/A7 4.05 Evaluating Expressions with Radicals - Question Bank - Key.pdf
a7/packages/A7 Unit 4 - Solving Problems with Rational Numbers/PDFs/Answer Keys/A7 4.06  Independent Set Key.pdf,A7 4.06  Independent Set Key.pdf,A7 4.06 Order of Operations with Radicals - Independent Set - Key.pdf,a7/packages/A7 Unit 4 - Solving Problems with Rational Numbers/Lessons/4.06/Keys/A7 4.06 Order of Operations with Radicals - Independent Set - Key.pdf
a7/packages/A7 Unit 4 - Solving Problems with Rational Numbers/PDFs/Answer Keys/A7 4.06  Question Bank - Additional Key.pdf,A7 4.06  Question Bank - Additional Key.pdf,A7 4.06 Order of Operations with Radicals - Additional Question Bank - Key.pdf,a7/packages/A7 Unit 4 - Solving Problems with Rational Numbers/Lessons/4.06/Keys/A7 4.06 Order of Operations with Radicals - Additional Question Bank - Key.pdf
a7/packages/A7 Unit 4 - Solving Problems with Rational Numbers/PDFs/Answer Keys/A7 4.06  Question Bank Key.pdf,A7 4.06  Question Bank Key.pdf,A7 4.06 Order of Operations with Radicals - Question Bank - Key.pdf,a7/packages/A7 Unit 4 - Solving Problems with Rational Numbers/Lessons/4.06/Keys/A7 4.06 Order of Operations with Radicals - Question Bank - Key.pdf
a7/packages/A7 Unit 4 - Solving Problems with Rational Numbers/PDFs/Answer Keys/A7 4.07  Independent Set Key.pdf,A7 4.07  Independent Set Key.pdf,A7 4.07 Real-World Order of Operations - Independent Set - Key.pdf,a7/packages/A7 Unit 4 - Solving Problems with Rational Numbers/Lessons/4.07/Keys/A7 4.07 Real-World Order of Operations - Independent Set - Key.pdf
a7/packages/A7 Unit 4 - Solving Problems with Rational Numbers/PDFs/Answer Keys/A7 4.07  Question Bank - Additional Key.pdf,A7 4.07  Question Bank - Additional Key.pdf,A7 4.07 Real-World Order of Operations - Additional Question Bank - Key.pdf,a7/packages/A7 Unit 4 - Solving Problems with Rational Numbers/Lessons/4.07/Keys/A7 4.07 Real-World Order of Operations - Additional Question Bank - Key.pdf
a7/packages/A7 Unit 4 - Solving Problems with Rational Numbers/PDFs/Answer Keys/A7 4.07  Question Bank Key.pdf,A7 4.07  Question Bank Key.pdf,A7 4.07 Real-World Order of Operations - Question Bank - Key.pdf,a7/packages/A7 Unit 4 - Solving Problems with Rational Numbers/Lessons/4.07/Keys/A7 4.07 Real-World Order of Operations - Question Bank - Key.pdf
a7/packages/A7 Unit 4 - Solving Problems with Rational Numbers/PDFs/Assessments/A7 4  Unit Assessment.pdf,A7 4  Unit Assessment.pdf,A7 Unit 4 Solving Problems with Rational Numbers - Test.pdf,a7/packages/A7 Unit 4 - Solving Problems with Rational Numbers/Assessment/A7 Unit 4 Solving Problems with Rational Numbers - Test.pdf
a7/packages/A7 Unit 4 - Solving Problems with Rational Numbers/PDFs/Assessments/A7 4  Unit Review.pdf,A7 4  Unit Review.pdf,A7 Unit 4 Solving Problems with Rational Numbers - Review.pdf,a7/packages/A7 Unit 4 - Solving Problems with Rational Numbers/Review/A7 Unit 4 Solving Problems with Rational Numbers - Review.pdf
a7/packages/A7 Unit 4 - Solving Problems with Rational Numbers/PDFs/Handouts/A7 4  Reference Sheet.pdf,A7 4  Reference Sheet.pdf,A7 Unit 4 Solving Problems with Rational Numbers - Reference Sheet.pdf,a7/packages/A7 Unit 4 - Solving Problems with Rational Numbers/Handouts/A7 Unit 4 Solving Problems with Rational Numbers - Reference Sheet.pdf
a7/packages/A7 Unit 4 - Solving Problems with Rational Numbers/PDFs/Independent Sets/A7 4.01  Independent Set.pdf,A7 4.01  Independent Set.pdf,A7 4.01 Adding and Subtracting in Scientific Notation - Independent Set.pdf,a7/packages/A7 Unit 4 - Solving Problems with Rational Numbers/Lessons/4.01/A7 4.01 Adding and Subtracting in Scientific Notation - Independent Set.pdf
a7/packages/A7 Unit 4 - Solving Problems with Rational Numbers/PDFs/Independent Sets/A7 4.02  Independent Set.pdf,A7 4.02  Independent Set.pdf,A7 4.02 Multiplying and Dividing in Scientific Notation - Independent Set.pdf,a7/packages/A7 Unit 4 - Solving Problems with Rational Numbers/Lessons/4.02/A7 4.02 Multiplying and Dividing in Scientific Notation - Independent Set.pdf
a7/packages/A7 Unit 4 - Solving Problems with Rational Numbers/PDFs/Independent Sets/A7 4.04  Independent Set.pdf,A7 4.04  Independent Set.pdf,A7 4.04 Real-World Problems and Significant Digits - Independent Set.pdf,a7/packages/A7 Unit 4 - Solving Problems with Rational Numbers/Lessons/4.04/A7 4.04 Real-World Problems and Significant Digits - Independent Set.pdf
a7/packages/A7 Unit 4 - Solving Problems with Rational Numbers/PDFs/Independent Sets/A7 4.05  Independent Set.pdf,A7 4.05  Independent Set.pdf,A7 4.05 Evaluating Expressions with Radicals - Independent Set.pdf,a7/packages/A7 Unit 4 - Solving Problems with Rational Numbers/Lessons/4.05/A7 4.05 Evaluating Expressions with Radicals - Independent Set.pdf
a7/packages/A7 Unit 4 - Solving Problems with Rational Numbers/PDFs/Independent Sets/A7 4.06  Independent Set.pdf,A7 4.06  Independent Set.pdf,A7 4.06 Order of Operations with Radicals - Independent Set.pdf,a7/packages/A7 Unit 4 - Solving Problems with Rational Numbers/Lessons/4.06/A7 4.06 Order of Operations with Radicals - Independent Set.pdf
a7/packages/A7 Unit 4 - Solving Problems with Rational Numbers/PDFs/Independent Sets/A7 4.07  Independent Set.pdf,A7 4.07  Independent Set.pdf,A7 4.07 Real-World Order of Operations - Independent Set.pdf,a7/packages/A7 Unit 4 - Solving Problems with Rational Numbers/Lessons/4.07/A7 4.07 Real-World Order of Operations - Independent Set.pdf
a7/packages/A7 Unit 4 - Solving Problems with Rational Numbers/PDFs/Lesson Plans/A7 4.01  Lesson Plan.pdf,A7 4.01  Lesson Plan.pdf,A7 4.01 Adding and Subtracting in Scientific Notation - Lesson Plan.pdf,a7/packages/A7 Unit 4 - Solving Problems with Rational Numbers/Lessons/4.01/A7 4.01 Adding and Subtracting in Scientific Notation - Lesson Plan.pdf
a7/packages/A7 Unit 4 - Solving Problems with Rational Numbers/PDFs/Lesson Plans/A7 4.02  Lesson Plan.pdf,A7 4.02  Lesson Plan.pdf,A7 4.02 Multiplying and Dividing in Scientific Notation - Lesson Plan.pdf,a7/packages/A7 Unit 4 - Solving Problems with Rational Numbers/Lessons/4.02/A7 4.02 Multiplying and Dividing in Scientific Notation - Lesson Plan.pdf
a7/packages/A7 Unit 4 - Solving Problems with Rational Numbers/PDFs/Lesson Plans/A7 4.04  Lesson Plan.pdf,A7 4.04  Lesson Plan.pdf,A7 4.04 Real-World Problems and Significant Digits - Lesson Plan.pdf,a7/packages/A7 Unit 4 - Solving Problems with Rational Numbers/Lessons/4.04/A7 4.04 Real-World Problems and Significant Digits - Lesson Plan.pdf
a7/packages/A7 Unit 4 - Solving Problems with Rational Numbers/PDFs/Lesson Plans/A7 4.05  Lesson Plan.pdf,A7 4.05  Lesson Plan.pdf,A7 4.05 Evaluating Expressions with Radicals - Lesson Plan.pdf,a7/packages/A7 Unit 4 - Solving Problems with Rational Numbers/Lessons/4.05/A7 4.05 Evaluating Expressions with Radicals - Lesson Plan.pdf
a7/packages/A7 Unit 4 - Solving Problems with Rational Numbers/PDFs/Lesson Plans/A7 4.06  Lesson Plan.pdf,A7 4.06  Lesson Plan.pdf,A7 4.06 Order of Operations with Radicals - Lesson Plan.pdf,a7/packages/A7 Unit 4 - Solving Problems with Rational Numbers/Lessons/4.06/A7 4.06 Order of Operations with Radicals - Lesson Plan.pdf
a7/packages/A7 Unit 4 - Solving Problems with Rational Numbers/PDFs/Lesson Plans/A7 4.07  Lesson Plan.pdf,A7 4.07  Lesson Plan.pdf,A7 4.07 Real-World Order of Operations - Lesson Plan.pdf,a7/packages/A7 Unit 4 - Solving Problems with Rational Numbers/Lessons/4.07/A7 4.07 Real-World Order of Operations - Lesson Plan.pdf
a7/packages/A7 Unit 4 - Solving Problems with Rational Numbers/PDFs/Question Banks/A7 4.01  Question Bank - Additional.pdf,A7 4.01  Question Bank - Additional.pdf,A7 4.01 Adding and Subtracting in Scientific Notation - Additional Question Bank.pdf,a7/packages/A7 Unit 4 - Solving Problems with Rational Numbers/Lessons/4.01/A7 4.01 Adding and Subtracting in Scientific Notation - Additional Question Bank.pdf
a7/packages/A7 Unit 4 - Solving Problems with Rational Numbers/PDFs/Question Banks/A7 4.01  Question Bank.pdf,A7 4.01  Question Bank.pdf,A7 4.01 Adding and Subtracting in Scientific Notation - Question Bank.pdf,a7/packages/A7 Unit 4 - Solving Problems with Rational Numbers/Lessons/4.01/A7 4.01 Adding and Subtracting in Scientific Notation - Question Bank.pdf
a7/packages/A7 Unit 4 - Solving Problems with Rational Numbers/PDFs/Question Banks/A7 4.02  Question Bank - Additional.pdf,A7 4.02  Question Bank - Additional.pdf,A7 4.02 Multiplying and Dividing in Scientific Notation - Additional Question Bank.pdf,a7/packages/A7 Unit 4 - Solving Problems with Rational Numbers/Lessons/4.02/A7 4.02 Multiplying and Dividing in Scientific Notation - Additional Question Bank.pdf
a7/packages/A7 Unit 4 - Solving Problems with Rational Numbers/PDFs/Question Banks/A7 4.02  Question Bank.pdf,A7 4.02  Question Bank.pdf,A7 4.02 Multiplying and Dividing in Scientific Notation - Question Bank.pdf,a7/packages/A7 Unit 4 - Solving Problems with Rational Numbers/Lessons/4.02/A7 4.02 Multiplying and Dividing in Scientific Notation - Question Bank.pdf
a7/packages/A7 Unit 4 - Solving Problems with Rational Numbers/PDFs/Question Banks/A7 4.04  Question Bank - Additional.pdf,A7 4.04  Question Bank - Additional.pdf,A7 4.04 Real-World Problems and Significant Digits - Additional Question Bank.pdf,a7/packages/A7 Unit 4 - Solving Problems with Rational Numbers/Lessons/4.04/A7 4.04 Real-World Problems and Significant Digits - Additional Question Bank.pdf
a7/packages/A7 Unit 4 - Solving Problems with Rational Numbers/PDFs/Question Banks/A7 4.04  Question Bank.pdf,A7 4.04  Question Bank.pdf,A7 4.04 Real-World Problems and Significant Digits - Question Bank.pdf,a7/packages/A7 Unit 4 - Solving Problems with Rational Numbers/Lessons/4.04/A7 4.04 Real-World Problems and Significant Digits - Question Bank.pdf
a7/packages/A7 Unit 4 - Solving Problems with Rational Numbers/PDFs/Question Banks/A7 4.05  Question Bank - Additional.pdf,A7 4.05  Question Bank - Additional.pdf,A7 4.05 Evaluating Expressions with Radicals - Additional Question Bank.pdf,a7/packages/A7 Unit 4 - Solving Problems with Rational Numbers/Lessons/4.05/A7 4.05 Evaluating Expressions with Radicals - Additional Question Bank.pdf
a7/packages/A7 Unit 4 - Solving Problems with Rational Numbers/PDFs/Question Banks/A7 4.05  Question Bank.pdf,A7 4.05  Question Bank.pdf,A7 4.05 Evaluating Expressions with Radicals - Question Bank.pdf,a7/packages/A7 Unit 4 - Solving Problems with Rational Numbers/Lessons/4.05/A7 4.05 Evaluating Expressions with Radicals - Question Bank.pdf
a7/packages/A7 Unit 4 - Solving Problems with Rational Numbers/PDFs/Question Banks/A7 4.06  Question Bank - Additional.pdf,A7 4.06  Question Bank - Additional.pdf,A7 4.06 Order of Operations with Radicals - Additional Question Bank.pdf,a7/packages/A7 Unit 4 - Solving Problems with Rational Numbers/Lessons/4.06/A7 4.06 Order of Operations with Radicals - Additional Question Bank.pdf
a7/packages/A7 Unit 4 - Solving Problems with Rational Numbers/PDFs/Question Banks/A7 4.06  Question Bank.pdf,A7 4.06  Question Bank.pdf,A7 4.06 Order of Operations with Radicals - Question Bank.pdf,a7/packages/A7 Unit 4 - Solving Problems with Rational Numbers/Lessons/4.06/A7 4.06 Order of Operations with Radicals - Question Bank.pdf
a7/packages/A7 Unit 4 - Solving Problems with Rational Numbers/PDFs/Question Banks/A7 4.07  Question Bank - Additional.pdf,A7 4.07  Question Bank - Additional.pdf,A7 4.07 Real-World Order of Operations - Additional Question Bank.pdf,a7/packages/A7 Unit 4 - Solving Problems with Rational Numbers/Lessons/4.07/A7 4.07 Real-World Order of Operations - Additional Question Bank.pdf
a7/packages/A7 Unit 4 - Solving Problems with Rational Numbers/PDFs/Question Banks/A7 4.07  Question Bank.pdf,A7 4.07  Question Bank.pdf,A7 4.07 Real-World Order of Operations - Question Bank.pdf,a7/packages/A7 Unit 4 - Solving Problems with Rational Numbers/Lessons/4.07/A7 4.07 Real-World Order of Operations - Question Bank.pdf
a7/packages/A7 Unit 4 - Solving Problems with Rational Numbers/PDFs/Slides/A7 4  Unit Slides.pdf,A7 4  Unit Slides.pdf,A7 Unit 4 Solving Problems with Rational Numbers - All Slides.pdf,a7/packages/A7 Unit 4 - Solving Problems with Rational Numbers/All Slides/A7 Unit 4 Solving Problems with Rational Numbers - All Slides.pdf
a7/packages/A7 Unit 4 - Solving Problems with Rational Numbers/PDFs/Slides/A7 4.01  Slides.pdf,A7 4.01  Slides.pdf,A7 4.01 Adding and Subtracting in Scientific Notation - Slides.pdf,a7/packages/A7 Unit 4 - Solving Problems with Rational Numbers/Lessons/4.01/A7 4.01 Adding and Subtracting in Scientific Notation - Slides.pdf
a7/packages/A7 Unit 4 - Solving Problems with Rational Numbers/PDFs/Slides/A7 4.02  Slides.pdf,A7 4.02  Slides.pdf,A7 4.02 Multiplying and Dividing in Scientific Notation - Slides.pdf,a7/packages/A7 Unit 4 - Solving Problems with Rational Numbers/Lessons/4.02/A7 4.02 Multiplying and Dividing in Scientific Notation - Slides.pdf
a7/packages/A7 Unit 4 - Solving Problems with Rational Numbers/PDFs/Slides/A7 4.04  Slides.pdf,A7 4.04  Slides.pdf,A7 4.04 Real-World Problems and Significant Digits - Slides.pdf,a7/packages/A7 Unit 4 - Solving Problems with Rational Numbers/Lessons/4.04/A7 4.04 Real-World Problems and Significant Digits - Slides.pdf
a7/packages/A7 Unit 4 - Solving Problems with Rational Numbers/PDFs/Slides/A7 4.05  Slides.pdf,A7 4.05  Slides.pdf,A7 4.05 Evaluating Expressions with Radicals - Slides.pdf,a7/packages/A7 Unit 4 - Solving Problems with Rational Numbers/Lessons/4.05/A7 4.05 Evaluating Expressions with Radicals - Slides.pdf
a7/packages/A7 Unit 4 - Solving Problems with Rational Numbers/PDFs/Slides/A7 4.06  Slides.pdf,A7 4.06  Slides.pdf,A7 4.06 Order of Operations with Radicals - Slides.pdf,a7/packages/A7 Unit 4 - Solving Problems with Rational Numbers/Lessons/4.06/A7 4.06 Order of Operations with Radicals - Slides.pdf
a7/packages/A7 Unit 4 - Solving Problems with Rational Numbers/PDFs/Slides/A7 4.07  Slides.pdf,A7 4.07  Slides.pdf,A7 4.07 Real-World Order of Operations - Slides.pdf,a7/packages/A7 Unit 4 - Solving Problems with Rational Numbers/Lessons/4.07/A7 4.07 Real-World Order of Operations - Slides.pdf
a7/packages/A7 Unit 4 - Solving Problems with Rational Numbers/PDFs/Teacher Editions/A7 4.01  Teacher Edition.pdf,A7 4.01  Teacher Edition.pdf,A7 4.01 Adding and Subtracting in Scientific Notation - Teacher Edition.pdf,a7/packages/A7 Unit 4 - Solving Problems with Rational Numbers/Lessons/4.01/A7 4.01 Adding and Subtracting in Scientific Notation - Teacher Edition.pdf
a7/packages/A7 Unit 4 - Solving Problems with Rational Numbers/PDFs/Teacher Editions/A7 4.02  Teacher Edition.pdf,A7 4.02  Teacher Edition.pdf,A7 4.02 Multiplying and Dividing in Scientific Notation - Teacher Edition.pdf,a7/packages/A7 Unit 4 - Solving Problems with Rational Numbers/Lessons/4.02/A7 4.02 Multiplying and Dividing in Scientific Notation - Teacher Edition.pdf
a7/packages/A7 Unit 4 - Solving Problems with Rational Numbers/PDFs/Teacher Editions/A7 4.04  Teacher Edition.pdf,A7 4.04  Teacher Edition.pdf,A7 4.04 Real-World Problems and Significant Digits - Teacher Edition.pdf,a7/packages/A7 Unit 4 - Solving Problems with Rational Numbers/Lessons/4.04/A7 4.04 Real-World Problems and Significant Digits - Teacher Edition.pdf
a7/packages/A7 Unit 4 - Solving Problems with Rational Numbers/PDFs/Teacher Editions/A7 4.05  Teacher Edition.pdf,A7 4.05  Teacher Edition.pdf,A7 4.05 Evaluating Expressions with Radicals - Teacher Edition.pdf,a7/packages/A7 Unit 4 - Solving Problems with Rational Numbers/Lessons/4.05/A7 4.05 Evaluating Expressions with Radicals - Teacher Edition.pdf
a7/packages/A7 Unit 4 - Solving Problems with Rational Numbers/PDFs/Teacher Editions/A7 4.06  Teacher Edition.pdf,A7 4.06  Teacher Edition.pdf,A7 4.06 Order of Operations with Radicals - Teacher Edition.pdf,a7/packages/A7 Unit 4 - Solving Problems with Rational Numbers/Lessons/4.06/A7 4.06 Order of Operations with Radicals - Teacher Edition.pdf
a7/packages/A7 Unit 4 - Solving Problems with Rational Numbers/PDFs/Teacher Editions/A7 4.07  Teacher Edition.pdf,A7 4.07  Teacher Edition.pdf,A7 4.07 Real-World Order of Operations - Teacher Edition.pdf,a7/packages/A7 Unit 4 - Solving Problems with Rational Numbers/Lessons/4.07/A7 4.07 Real-World Order of Operations - Teacher Edition.pdf
a7/packages/A7 Unit 4 - Solving Problems with Rational Numbers/Question Banks/A7 4.01  Question Bank - Additional.docx,A7 4.01  Question Bank - Additional.docx,A7 4.01 Adding and Subtracting in Scientific Notation - Additional Question Bank.docx,a7/packages/A7 Unit 4 - Solving Problems with Rational Numbers/Lessons/4.01/A7 4.01 Adding and Subtracting in Scientific Notation - Additional Question Bank.docx
a7/packages/A7 Unit 4 - Solving Problems with Rational Numbers/Question Banks/A7 4.01  Question Bank.docx,A7 4.01  Question Bank.docx,A7 4.01 Adding and Subtracting in Scientific Notation - Question Bank.docx,a7/packages/A7 Unit 4 - Solving Problems with Rational Numbers/Lessons/4.01/A7 4.01 Adding and Subtracting in Scientific Notation - Question Bank.docx
a7/packages/A7 Unit 4 - Solving Problems with Rational Numbers/Question Banks/A7 4.02  Question Bank - Additional.docx,A7 4.02  Question Bank - Additional.docx,A7 4.02 Multiplying and Dividing in Scientific Notation - Additional Question Bank.docx,a7/packages/A7 Unit 4 - Solving Problems with Rational Numbers/Lessons/4.02/A7 4.02 Multiplying and Dividing in Scientific Notation - Additional Question Bank.docx
a7/packages/A7 Unit 4 - Solving Problems with Rational Numbers/Question Banks/A7 4.02  Question Bank.docx,A7 4.02  Question Bank.docx,A7 4.02 Multiplying and Dividing in Scientific Notation - Question Bank.docx,a7/packages/A7 Unit 4 - Solving Problems with Rational Numbers/Lessons/4.02/A7 4.02 Multiplying and Dividing in Scientific Notation - Question Bank.docx
a7/packages/A7 Unit 4 - Solving Problems with Rational Numbers/Question Banks/A7 4.04  Question Bank - Additional.docx,A7 4.04  Question Bank - Additional.docx,A7 4.04 Real-World Problems and Significant Digits - Additional Question Bank.docx,a7/packages/A7 Unit 4 - Solving Problems with Rational Numbers/Lessons/4.04/A7 4.04 Real-World Problems and Significant Digits - Additional Question Bank.docx
a7/packages/A7 Unit 4 - Solving Problems with Rational Numbers/Question Banks/A7 4.04  Question Bank.docx,A7 4.04  Question Bank.docx,A7 4.04 Real-World Problems and Significant Digits - Question Bank.docx,a7/packages/A7 Unit 4 - Solving Problems with Rational Numbers/Lessons/4.04/A7 4.04 Real-World Problems and Significant Digits - Question Bank.docx
a7/packages/A7 Unit 4 - Solving Problems with Rational Numbers/Question Banks/A7 4.05  Question Bank - Additional.docx,A7 4.05  Question Bank - Additional.docx,A7 4.05 Evaluating Expressions with Radicals - Additional Question Bank.docx,a7/packages/A7 Unit 4 - Solving Problems with Rational Numbers/Lessons/4.05/A7 4.05 Evaluating Expressions with Radicals - Additional Question Bank.docx
a7/packages/A7 Unit 4 - Solving Problems with Rational Numbers/Question Banks/A7 4.05  Question Bank.docx,A7 4.05  Question Bank.docx,A7 4.05 Evaluating Expressions with Radicals - Question Bank.docx,a7/packages/A7 Unit 4 - Solving Problems with Rational Numbers/Lessons/4.05/A7 4.05 Evaluating Expressions with Radicals - Question Bank.docx
a7/packages/A7 Unit 4 - Solving Problems with Rational Numbers/Question Banks/A7 4.06  Question Bank - Additional.docx,A7 4.06  Question Bank - Additional.docx,A7 4.06 Order of Operations with Radicals - Additional Question Bank.docx,a7/packages/A7 Unit 4 - Solving Problems with Rational Numbers/Lessons/4.06/A7 4.06 Order of Operations with Radicals - Additional Question Bank.docx
a7/packages/A7 Unit 4 - Solving Problems with Rational Numbers/Question Banks/A7 4.06  Question Bank.docx,A7 4.06  Question Bank.docx,A7 4.06 Order of Operations with Radicals - Question Bank.docx,a7/packages/A7 Unit 4 - Solving Problems with Rational Numbers/Lessons/4.06/A7 4.06 Order of Operations with Radicals - Question Bank.docx
a7/packages/A7 Unit 4 - Solving Problems with Rational Numbers/Question Banks/A7 4.07  Question Bank - Additional.docx,A7 4.07  Question Bank - Additional.docx,A7 4.07 Real-World Order of Operations - Additional Question Bank.docx,a7/packages/A7 Unit 4 - Solving Problems with Rational Numbers/Lessons/4.07/A7 4.07 Real-World Order of Operations - Additional Question Bank.docx
a7/packages/A7 Unit 4 - Solving Problems with Rational Numbers/Question Banks/A7 4.07  Question Bank.docx,A7 4.07  Question Bank.docx,A7 4.07 Real-World Order of Operations - Question Bank.docx,a7/packages/A7 Unit 4 - Solving Problems with Rational Numbers/Lessons/4.07/A7 4.07 Real-World Order of Operations - Question Bank.docx
a7/packages/A7 Unit 4 - Solving Problems with Rational Numbers/Reference/A7 IXL DUE DATES 2026-27.md,A7 IXL DUE DATES 2026-27.md,A7 IXL Due Dates 2026-27.md,a7/packages/A7 Unit 4 - Solving Problems with Rational Numbers/Reference/A7 IXL Due Dates 2026-27.md
a7/packages/A7 Unit 4 - Solving Problems with Rational Numbers/Reference/A7 SCOPE AND SEQUENCE 2026-27.md,A7 SCOPE AND SEQUENCE 2026-27.md,A7 Scope and Sequence 2026-27.md,a7/packages/A7 Unit 4 - Solving Problems with Rational Numbers/Reference/A7 Scope and Sequence 2026-27.md
a7/packages/A7 Unit 4 - Solving Problems with Rational Numbers/Reference/BANK - Unit 4.md,BANK - Unit 4.md,A7 Unit 4 Solving Problems with Rational Numbers - Question Bank.md,a7/packages/A7 Unit 4 - Solving Problems with Rational Numbers/Reference/A7 Unit 4 Solving Problems with Rational Numbers - Question Bank.md
a7/packages/A7 Unit 4 - Solving Problems with Rational Numbers/Reference/Florida BEST Grade 8 - Source of Truth.md,Florida BEST Grade 8 - Source of Truth.md,Florida BEST Grade 8 - Source of Truth.md,a7/packages/A7 Unit 4 - Solving Problems with Rational Numbers/Reference/Florida BEST Grade 8 - Source of Truth.md
a7/packages/A7 Unit 4 - Solving Problems with Rational Numbers/Reference/UNIT 4 AUDIT - Math Nation package.md,UNIT 4 AUDIT - Math Nation package.md,A7 Unit 4 Solving Problems with Rational Numbers - Audit.md,a7/packages/A7 Unit 4 - Solving Problems with Rational Numbers/Reference/A7 Unit 4 Solving Problems with Rational Numbers - Audit.md
a7/packages/A7 Unit 4 - Solving Problems with Rational Numbers/Slides/A7 4  Unit Slides.html,A7 4  Unit Slides.html,A7 Unit 4 Solving Problems with Rational Numbers - All Slides.html,a7/packages/A7 Unit 4 - Solving Problems with Rational Numbers/All Slides/A7 Unit 4 Solving Problems with Rational Numbers - All Slides.html
a7/packages/A7 Unit 4 - Solving Problems with Rational Numbers/Slides/A7 4  Unit Slides.pptx,A7 4  Unit Slides.pptx,A7 Unit 4 Solving Problems with Rational Numbers - All Slides.pptx,a7/packages/A7 Unit 4 - Solving Problems with Rational Numbers/All Slides/A7 Unit 4 Solving Problems with Rational Numbers - All Slides.pptx
a7/packages/A7 Unit 4 - Solving Problems with Rational Numbers/Slides/A7 4.01  Slides.html,A7 4.01  Slides.html,A7 4.01 Adding and Subtracting in Scientific Notation - Slides.html,a7/packages/A7 Unit 4 - Solving Problems with Rational Numbers/Lessons/4.01/A7 4.01 Adding and Subtracting in Scientific Notation - Slides.html
a7/packages/A7 Unit 4 - Solving Problems with Rational Numbers/Slides/A7 4.01  Slides.pptx,A7 4.01  Slides.pptx,A7 4.01 Adding and Subtracting in Scientific Notation - Slides.pptx,a7/packages/A7 Unit 4 - Solving Problems with Rational Numbers/Lessons/4.01/A7 4.01 Adding and Subtracting in Scientific Notation - Slides.pptx
a7/packages/A7 Unit 4 - Solving Problems with Rational Numbers/Slides/A7 4.02  Slides.html,A7 4.02  Slides.html,A7 4.02 Multiplying and Dividing in Scientific Notation - Slides.html,a7/packages/A7 Unit 4 - Solving Problems with Rational Numbers/Lessons/4.02/A7 4.02 Multiplying and Dividing in Scientific Notation - Slides.html
a7/packages/A7 Unit 4 - Solving Problems with Rational Numbers/Slides/A7 4.02  Slides.pptx,A7 4.02  Slides.pptx,A7 4.02 Multiplying and Dividing in Scientific Notation - Slides.pptx,a7/packages/A7 Unit 4 - Solving Problems with Rational Numbers/Lessons/4.02/A7 4.02 Multiplying and Dividing in Scientific Notation - Slides.pptx
a7/packages/A7 Unit 4 - Solving Problems with Rational Numbers/Slides/A7 4.04  Slides.html,A7 4.04  Slides.html,A7 4.04 Real-World Problems and Significant Digits - Slides.html,a7/packages/A7 Unit 4 - Solving Problems with Rational Numbers/Lessons/4.04/A7 4.04 Real-World Problems and Significant Digits - Slides.html
a7/packages/A7 Unit 4 - Solving Problems with Rational Numbers/Slides/A7 4.04  Slides.pptx,A7 4.04  Slides.pptx,A7 4.04 Real-World Problems and Significant Digits - Slides.pptx,a7/packages/A7 Unit 4 - Solving Problems with Rational Numbers/Lessons/4.04/A7 4.04 Real-World Problems and Significant Digits - Slides.pptx
a7/packages/A7 Unit 4 - Solving Problems with Rational Numbers/Slides/A7 4.05  Slides.html,A7 4.05  Slides.html,A7 4.05 Evaluating Expressions with Radicals - Slides.html,a7/packages/A7 Unit 4 - Solving Problems with Rational Numbers/Lessons/4.05/A7 4.05 Evaluating Expressions with Radicals - Slides.html
a7/packages/A7 Unit 4 - Solving Problems with Rational Numbers/Slides/A7 4.05  Slides.pptx,A7 4.05  Slides.pptx,A7 4.05 Evaluating Expressions with Radicals - Slides.pptx,a7/packages/A7 Unit 4 - Solving Problems with Rational Numbers/Lessons/4.05/A7 4.05 Evaluating Expressions with Radicals - Slides.pptx
a7/packages/A7 Unit 4 - Solving Problems with Rational Numbers/Slides/A7 4.06  Slides.html,A7 4.06  Slides.html,A7 4.06 Order of Operations with Radicals - Slides.html,a7/packages/A7 Unit 4 - Solving Problems with Rational Numbers/Lessons/4.06/A7 4.06 Order of Operations with Radicals - Slides.html
a7/packages/A7 Unit 4 - Solving Problems with Rational Numbers/Slides/A7 4.06  Slides.pptx,A7 4.06  Slides.pptx,A7 4.06 Order of Operations with Radicals - Slides.pptx,a7/packages/A7 Unit 4 - Solving Problems with Rational Numbers/Lessons/4.06/A7 4.06 Order of Operations with Radicals - Slides.pptx
a7/packages/A7 Unit 4 - Solving Problems with Rational Numbers/Slides/A7 4.07  Slides.html,A7 4.07  Slides.html,A7 4.07 Real-World Order of Operations - Slides.html,a7/packages/A7 Unit 4 - Solving Problems with Rational Numbers/Lessons/4.07/A7 4.07 Real-World Order of Operations - Slides.html
a7/packages/A7 Unit 4 - Solving Problems with Rational Numbers/Slides/A7 4.07  Slides.pptx,A7 4.07  Slides.pptx,A7 4.07 Real-World Order of Operations - Slides.pptx,a7/packages/A7 Unit 4 - Solving Problems with Rational Numbers/Lessons/4.07/A7 4.07 Real-World Order of Operations - Slides.pptx
a7/packages/A7 Unit 4 - Solving Problems with Rational Numbers/Teacher Editions/A7 4.01  Teacher Edition.docx,A7 4.01  Teacher Edition.docx,A7 4.01 Adding and Subtracting in Scientific Notation - Teacher Edition.docx,a7/packages/A7 Unit 4 - Solving Problems with Rational Numbers/Lessons/4.01/A7 4.01 Adding and Subtracting in Scientific Notation - Teacher Edition.docx
a7/packages/A7 Unit 4 - Solving Problems with Rational Numbers/Teacher Editions/A7 4.02  Teacher Edition.docx,A7 4.02  Teacher Edition.docx,A7 4.02 Multiplying and Dividing in Scientific Notation - Teacher Edition.docx,a7/packages/A7 Unit 4 - Solving Problems with Rational Numbers/Lessons/4.02/A7 4.02 Multiplying and Dividing in Scientific Notation - Teacher Edition.docx
a7/packages/A7 Unit 4 - Solving Problems with Rational Numbers/Teacher Editions/A7 4.04  Teacher Edition.docx,A7 4.04  Teacher Edition.docx,A7 4.04 Real-World Problems and Significant Digits - Teacher Edition.docx,a7/packages/A7 Unit 4 - Solving Problems with Rational Numbers/Lessons/4.04/A7 4.04 Real-World Problems and Significant Digits - Teacher Edition.docx
a7/packages/A7 Unit 4 - Solving Problems with Rational Numbers/Teacher Editions/A7 4.05  Teacher Edition.docx,A7 4.05  Teacher Edition.docx,A7 4.05 Evaluating Expressions with Radicals - Teacher Edition.docx,a7/packages/A7 Unit 4 - Solving Problems with Rational Numbers/Lessons/4.05/A7 4.05 Evaluating Expressions with Radicals - Teacher Edition.docx
a7/packages/A7 Unit 4 - Solving Problems with Rational Numbers/Teacher Editions/A7 4.06  Teacher Edition.docx,A7 4.06  Teacher Edition.docx,A7 4.06 Order of Operations with Radicals - Teacher Edition.docx,a7/packages/A7 Unit 4 - Solving Problems with Rational Numbers/Lessons/4.06/A7 4.06 Order of Operations with Radicals - Teacher Edition.docx
a7/packages/A7 Unit 4 - Solving Problems with Rational Numbers/Teacher Editions/A7 4.07  Teacher Edition.docx,A7 4.07  Teacher Edition.docx,A7 4.07 Real-World Order of Operations - Teacher Edition.docx,a7/packages/A7 Unit 4 - Solving Problems with Rational Numbers/Lessons/4.07/A7 4.07 Real-World Order of Operations - Teacher Edition.docx
a7/reference/A7 IXL DUE DATES 2026-27.md,A7 IXL DUE DATES 2026-27.md,A7 IXL Due Dates 2026-27.md,a7/reference/A7 IXL Due Dates 2026-27.md
a7/reference/A7 SCOPE AND SEQUENCE 2026-27.md,A7 SCOPE AND SEQUENCE 2026-27.md,A7 Scope and Sequence 2026-27.md,a7/reference/A7 Scope and Sequence 2026-27.md
a7/reference/B1G-M BACKBONE.md,B1G-M BACKBONE.md,A7 B1G-M Backbone.md,a7/reference/A7 B1G-M Backbone.md
a7/reference/B1G-M READING NOTES.md,B1G-M READING NOTES.md,A7 B1G-M Reading Notes.md,a7/reference/A7 B1G-M Reading Notes.md
a7/reference/MATH NATION A7 BOOK - table of contents and IXL plan.md,MATH NATION A7 BOOK - table of contents and IXL plan.md,A7 IXL Skill Plan and Book Contents.md,a7/reference/A7 IXL Skill Plan and Book Contents.md
a7/reference/PAGE BREAKS - for Croix.md,PAGE BREAKS - for Croix.md,A7 Page Breaks.md,a7/reference/A7 Page Breaks.md
a7/reference/SCOPE AND SEQUENCE 2026-2027.md,SCOPE AND SEQUENCE 2026-2027.md,County Scope and Sequence 2026-27.md,a7/reference/County Scope and Sequence 2026-27.md
a7/reference/UNIT AUDIT.md,UNIT AUDIT.md,M7 Unit Audit.md,a7/reference/M7 Unit Audit.md
a7/unit03/BANK - Unit 3.md,BANK - Unit 3.md,A7 Unit 3 Exponents and Scientific Notation - Question Bank.md,a7/reference/A7 Unit 3 Exponents and Scientific Notation - Question Bank.md
a7/unit03/UNIT 3 AUDIT - working log.md,UNIT 3 AUDIT - working log.md,A7 Unit 3 Exponents and Scientific Notation - Audit Working Log.md,a7/reference/A7 Unit 3 Exponents and Scientific Notation - Audit Working Log.md
a7/unit03/UNIT 3 AUDIT.md,UNIT 3 AUDIT.md,A7 Unit 3 Exponents and Scientific Notation - Audit.md,a7/reference/A7 Unit 3 Exponents and Scientific Notation - Audit.md
a7/unit04/BANK - Unit 4.md,BANK - Unit 4.md,A7 Unit 4 Solving Problems with Rational Numbers - Question Bank.md,a7/reference/A7 Unit 4 Solving Problems with Rational Numbers - Question Bank.md
a7/unit04/UNIT 4 AUDIT - working log.md,UNIT 4 AUDIT - working log.md,A7 Unit 4 Solving Problems with Rational Numbers - Audit Working Log.md,a7/reference/A7 Unit 4 Solving Problems with Rational Numbers - Audit Working Log.md
a7/unit04/UNIT 4 AUDIT.md,UNIT 4 AUDIT.md,A7 Unit 4 Solving Problems with Rational Numbers - Audit.md,a7/reference/A7 Unit 4 Solving Problems with Rational Numbers - Audit.md
a7/unit04/UNIT 4 PRE-AUDIT - standards side.md,UNIT 4 PRE-AUDIT - standards side.md,A7 Unit 4 Solving Problems with Rational Numbers - Audit (Standards Side).md,a7/reference/A7 Unit 4 Solving Problems with Rational Numbers - Audit (Standards Side).md
m7/IXL SKILL PLAN - Math Nation Grade 7 (on-level).md,IXL SKILL PLAN - Math Nation Grade 7 (on-level).md,M7 IXL Skill Plan.md,a7/reference/M7 IXL Skill Plan.md
